"","Days_Index","values","ind"
"1",-90,27.88999938,"Sat_Kisite"
"2",-89,27.76999938,"Sat_Kisite"
"3",-88,27.72999938,"Sat_Kisite"
"4",-87,27.75999938,"Sat_Kisite"
"5",-86,27.89999938,"Sat_Kisite"
"6",-85,28.00999937,"Sat_Kisite"
"7",-84,27.91999938,"Sat_Kisite"
"8",-83,28.04999937,"Sat_Kisite"
"9",-82,27.95999938,"Sat_Kisite"
"10",-81,27.86999938,"Sat_Kisite"
"11",-80,28.01999937,"Sat_Kisite"
"12",-79,27.60999938,"Sat_Kisite"
"13",-78,27.64999938,"Sat_Kisite"
"14",-77,27.47999939,"Sat_Kisite"
"15",-76,27.26999939,"Sat_Kisite"
"16",-75,27.27999939,"Sat_Kisite"
"17",-74,27.11999939,"Sat_Kisite"
"18",-73,26.9399994,"Sat_Kisite"
"19",-72,26.9799994,"Sat_Kisite"
"20",-71,26.9899994,"Sat_Kisite"
"21",-70,27.46999939,"Sat_Kisite"
"22",-69,27.43999939,"Sat_Kisite"
"23",-68,27.32999939,"Sat_Kisite"
"24",-67,27.52999938,"Sat_Kisite"
"25",-66,27.55999938,"Sat_Kisite"
"26",-65,27.50999939,"Sat_Kisite"
"27",-64,27.56999938,"Sat_Kisite"
"28",-63,27.42999939,"Sat_Kisite"
"29",-62,27.55999938,"Sat_Kisite"
"30",-61,27.69999938,"Sat_Kisite"
"31",-60,27.76999938,"Sat_Kisite"
"32",-59,27.72999938,"Sat_Kisite"
"33",-58,27.71999938,"Sat_Kisite"
"34",-57,28.00999937,"Sat_Kisite"
"35",-56,28.10999937,"Sat_Kisite"
"36",-55,28.20999937,"Sat_Kisite"
"37",-54,28.18999937,"Sat_Kisite"
"38",-53,28.00999937,"Sat_Kisite"
"39",-52,28.12999937,"Sat_Kisite"
"40",-51,28.19999937,"Sat_Kisite"
"41",-50,28.41999936,"Sat_Kisite"
"42",-49,28.63999936,"Sat_Kisite"
"43",-48,28.62999936,"Sat_Kisite"
"44",-47,28.74999936,"Sat_Kisite"
"45",-46,28.65999936,"Sat_Kisite"
"46",-45,28.63999936,"Sat_Kisite"
"47",-44,29.06999935,"Sat_Kisite"
"48",-43,28.98999935,"Sat_Kisite"
"49",-42,29.04999935,"Sat_Kisite"
"50",-41,29.11999935,"Sat_Kisite"
"51",-40,28.95999935,"Sat_Kisite"
"52",-39,29.14999935,"Sat_Kisite"
"53",-38,29.42999934,"Sat_Kisite"
"54",-37,29.58999934,"Sat_Kisite"
"55",-36,29.50999934,"Sat_Kisite"
"56",-35,29.37999934,"Sat_Kisite"
"57",-34,29.34999934,"Sat_Kisite"
"58",-33,29.49999934,"Sat_Kisite"
"59",-32,29.70999934,"Sat_Kisite"
"60",-31,29.96999933,"Sat_Kisite"
"61",-30,29.78999933,"Sat_Kisite"
"62",-29,29.69999934,"Sat_Kisite"
"63",-28,29.64999934,"Sat_Kisite"
"64",-27,29.84999933,"Sat_Kisite"
"65",-26,29.98999933,"Sat_Kisite"
"66",-25,30.11999933,"Sat_Kisite"
"67",-24,29.74999934,"Sat_Kisite"
"68",-23,29.38999934,"Sat_Kisite"
"69",-22,29.15999935,"Sat_Kisite"
"70",-21,29.27999935,"Sat_Kisite"
"71",-20,29.28999935,"Sat_Kisite"
"72",-19,29.25999935,"Sat_Kisite"
"73",-18,29.15999935,"Sat_Kisite"
"74",-17,29.42999934,"Sat_Kisite"
"75",-16,29.35999934,"Sat_Kisite"
"76",-15,29.81999933,"Sat_Kisite"
"77",-14,29.52999934,"Sat_Kisite"
"78",-13,29.83999933,"Sat_Kisite"
"79",-12,29.90999933,"Sat_Kisite"
"80",-11,30.19999932,"Sat_Kisite"
"81",-10,29.75999933,"Sat_Kisite"
"82",-9,29.63999934,"Sat_Kisite"
"83",-8,29.77999933,"Sat_Kisite"
"84",-7,29.54999934,"Sat_Kisite"
"85",-6,29.35999934,"Sat_Kisite"
"86",-5,29.60999934,"Sat_Kisite"
"87",-4,29.34999934,"Sat_Kisite"
"88",-3,29.01999935,"Sat_Kisite"
"89",-2,28.89999935,"Sat_Kisite"
"90",-1,29.39999934,"Sat_Kisite"
"91",0,29.13999935,"Sat_Kisite"
"92",-90,28.137625,"IN_Kisite"
"93",-89,28.04475,"IN_Kisite"
"94",-88,27.791625,"IN_Kisite"
"95",-87,27.7885,"IN_Kisite"
"96",-86,27.5795,"IN_Kisite"
"97",-85,27.742375,"IN_Kisite"
"98",-84,27.896625,"IN_Kisite"
"99",-83,28.04775,"IN_Kisite"
"100",-82,27.924375,"IN_Kisite"
"101",-81,27.850125,"IN_Kisite"
"102",-80,27.91525,"IN_Kisite"
"103",-79,28.0325,"IN_Kisite"
"104",-78,27.967875,"IN_Kisite"
"105",-77,27.7055,"IN_Kisite"
"106",-76,27.659625,"IN_Kisite"
"107",-75,27.422625,"IN_Kisite"
"108",-74,27.235,"IN_Kisite"
"109",-73,27.023375,"IN_Kisite"
"110",-72,26.818,"IN_Kisite"
"111",-71,27.014,"IN_Kisite"
"112",-70,27.17025,"IN_Kisite"
"113",-69,27.19775,"IN_Kisite"
"114",-68,27.37,"IN_Kisite"
"115",-67,27.38225,"IN_Kisite"
"116",-66,27.63775,"IN_Kisite"
"117",-65,27.659,"IN_Kisite"
"118",-64,27.542125,"IN_Kisite"
"119",-63,27.493,"IN_Kisite"
"120",-62,27.656625,"IN_Kisite"
"121",-61,27.720875,"IN_Kisite"
"122",-60,27.841,"IN_Kisite"
"123",-59,28.087875,"IN_Kisite"
"124",-58,27.961375,"IN_Kisite"
"125",-57,27.9925,"IN_Kisite"
"126",-56,27.755,"IN_Kisite"
"127",-55,27.92425,"IN_Kisite"
"128",-54,27.9335,"IN_Kisite"
"129",-53,28.137625,"IN_Kisite"
"130",-52,28.46875,"IN_Kisite"
"131",-51,28.52175,"IN_Kisite"
"132",-50,28.61475,"IN_Kisite"
"133",-49,28.751375,"IN_Kisite"
"134",-48,28.804,"IN_Kisite"
"135",-47,29.021625,"IN_Kisite"
"136",-46,29.31175,"IN_Kisite"
"137",-45,29.087,"IN_Kisite"
"138",-44,28.997,"IN_Kisite"
"139",-43,29.358625,"IN_Kisite"
"140",-42,29.599375,"IN_Kisite"
"141",-41,29.527,"IN_Kisite"
"142",-40,29.564625,"IN_Kisite"
"143",-39,29.71525,"IN_Kisite"
"144",-38,29.871875,"IN_Kisite"
"145",-37,30.11375,"IN_Kisite"
"146",-36,30.145,"IN_Kisite"
"147",-35,30.23975,"IN_Kisite"
"148",-34,30.198875,"IN_Kisite"
"149",-33,30.242625,"IN_Kisite"
"150",-32,30.30575,"IN_Kisite"
"151",-31,30.390625,"IN_Kisite"
"152",-30,30.47,"IN_Kisite"
"153",-29,30.5705,"IN_Kisite"
"154",-28,30.31225,"IN_Kisite"
"155",-27,29.938125,"IN_Kisite"
"156",-26,29.79025,"IN_Kisite"
"157",-25,29.671625,"IN_Kisite"
"158",-24,29.465375,"IN_Kisite"
"159",-23,29.3185,"IN_Kisite"
"160",-22,29.224625,"IN_Kisite"
"161",-21,29.312375,"IN_Kisite"
"162",-20,29.402875,"IN_Kisite"
"163",-19,29.481125,"IN_Kisite"
"164",-18,29.700375,"IN_Kisite"
"165",-17,29.527,"IN_Kisite"
"166",-16,29.7655,"IN_Kisite"
"167",-15,29.724625,"IN_Kisite"
"168",-14,29.840375,"IN_Kisite"
"169",-13,29.787,"IN_Kisite"
"170",-12,29.809125,"IN_Kisite"
"171",-11,29.96575,"IN_Kisite"
"172",-10,29.906375,"IN_Kisite"
"173",-9,30.02575,"IN_Kisite"
"174",-8,29.777875,"IN_Kisite"
"175",-7,29.6935,"IN_Kisite"
"176",-6,29.533875,"IN_Kisite"
"177",-5,29.465,"IN_Kisite"
"178",-4,29.417875,"IN_Kisite"
"179",-3,29.06225,"IN_Kisite"
"180",-2,29.041,"IN_Kisite"
"181",-1,29.165125,"IN_Kisite"
"182",0,29.146625,"IN_Kisite"
"183",-90,27.82999938,"Sat_Mombasa_lagoon"
"184",-89,27.79999938,"Sat_Mombasa_lagoon"
"185",-88,28.10999937,"Sat_Mombasa_lagoon"
"186",-87,27.85999938,"Sat_Mombasa_lagoon"
"187",-86,27.84999938,"Sat_Mombasa_lagoon"
"188",-85,27.63999938,"Sat_Mombasa_lagoon"
"189",-84,27.82999938,"Sat_Mombasa_lagoon"
"190",-83,27.89999938,"Sat_Mombasa_lagoon"
"191",-82,28.13999937,"Sat_Mombasa_lagoon"
"192",-81,28.26999937,"Sat_Mombasa_lagoon"
"193",-80,27.92999938,"Sat_Mombasa_lagoon"
"194",-79,27.85999938,"Sat_Mombasa_lagoon"
"195",-78,27.37999939,"Sat_Mombasa_lagoon"
"196",-77,27.39999939,"Sat_Mombasa_lagoon"
"197",-76,27.26999939,"Sat_Mombasa_lagoon"
"198",-75,27.09999939,"Sat_Mombasa_lagoon"
"199",-74,27.34999939,"Sat_Mombasa_lagoon"
"200",-73,27.40999939,"Sat_Mombasa_lagoon"
"201",-72,27.20999939,"Sat_Mombasa_lagoon"
"202",-71,27.21999939,"Sat_Mombasa_lagoon"
"203",-70,27.10999939,"Sat_Mombasa_lagoon"
"204",-69,27.14999939,"Sat_Mombasa_lagoon"
"205",-68,27.46999939,"Sat_Mombasa_lagoon"
"206",-67,27.24999939,"Sat_Mombasa_lagoon"
"207",-66,26.9499994,"Sat_Mombasa_lagoon"
"208",-65,27.0499994,"Sat_Mombasa_lagoon"
"209",-64,26.9899994,"Sat_Mombasa_lagoon"
"210",-63,26.8899994,"Sat_Mombasa_lagoon"
"211",-62,27.28999939,"Sat_Mombasa_lagoon"
"212",-61,26.9699994,"Sat_Mombasa_lagoon"
"213",-60,26.9899994,"Sat_Mombasa_lagoon"
"214",-59,26.7699994,"Sat_Mombasa_lagoon"
"215",-58,26.8399994,"Sat_Mombasa_lagoon"
"216",-57,26.7799994,"Sat_Mombasa_lagoon"
"217",-56,26.8499994,"Sat_Mombasa_lagoon"
"218",-55,26.31999941,"Sat_Mombasa_lagoon"
"219",-54,26.54999941,"Sat_Mombasa_lagoon"
"220",-53,26.8299994,"Sat_Mombasa_lagoon"
"221",-52,27.24999939,"Sat_Mombasa_lagoon"
"222",-51,27.25999939,"Sat_Mombasa_lagoon"
"223",-50,27.21999939,"Sat_Mombasa_lagoon"
"224",-49,27.10999939,"Sat_Mombasa_lagoon"
"225",-48,27.28999939,"Sat_Mombasa_lagoon"
"226",-47,27.23999939,"Sat_Mombasa_lagoon"
"227",-46,26.9899994,"Sat_Mombasa_lagoon"
"228",-45,26.7899994,"Sat_Mombasa_lagoon"
"229",-44,26.8799994,"Sat_Mombasa_lagoon"
"230",-43,27.15999939,"Sat_Mombasa_lagoon"
"231",-42,27.54999938,"Sat_Mombasa_lagoon"
"232",-41,27.83999938,"Sat_Mombasa_lagoon"
"233",-40,27.71999938,"Sat_Mombasa_lagoon"
"234",-39,27.50999939,"Sat_Mombasa_lagoon"
"235",-38,27.80999938,"Sat_Mombasa_lagoon"
"236",-37,28.17999937,"Sat_Mombasa_lagoon"
"237",-36,28.16999937,"Sat_Mombasa_lagoon"
"238",-35,28.26999937,"Sat_Mombasa_lagoon"
"239",-34,28.20999937,"Sat_Mombasa_lagoon"
"240",-33,28.23999937,"Sat_Mombasa_lagoon"
"241",-32,28.40999936,"Sat_Mombasa_lagoon"
"242",-31,28.51999936,"Sat_Mombasa_lagoon"
"243",-30,28.33999937,"Sat_Mombasa_lagoon"
"244",-29,28.33999937,"Sat_Mombasa_lagoon"
"245",-28,28.44999936,"Sat_Mombasa_lagoon"
"246",-27,28.29999937,"Sat_Mombasa_lagoon"
"247",-26,28.66999936,"Sat_Mombasa_lagoon"
"248",-25,28.85999935,"Sat_Mombasa_lagoon"
"249",-24,29.11999935,"Sat_Mombasa_lagoon"
"250",-23,29.04999935,"Sat_Mombasa_lagoon"
"251",-22,29.20999935,"Sat_Mombasa_lagoon"
"252",-21,29.44999934,"Sat_Mombasa_lagoon"
"253",-20,29.49999934,"Sat_Mombasa_lagoon"
"254",-19,29.64999934,"Sat_Mombasa_lagoon"
"255",-18,29.78999933,"Sat_Mombasa_lagoon"
"256",-17,29.40999934,"Sat_Mombasa_lagoon"
"257",-16,29.19999935,"Sat_Mombasa_lagoon"
"258",-15,29.66999934,"Sat_Mombasa_lagoon"
"259",-14,29.71999934,"Sat_Mombasa_lagoon"
"260",-13,30.00999933,"Sat_Mombasa_lagoon"
"261",-12,29.95999933,"Sat_Mombasa_lagoon"
"262",-11,29.85999933,"Sat_Mombasa_lagoon"
"263",-10,29.60999934,"Sat_Mombasa_lagoon"
"264",-9,29.47999934,"Sat_Mombasa_lagoon"
"265",-8,29.69999934,"Sat_Mombasa_lagoon"
"266",-7,29.60999934,"Sat_Mombasa_lagoon"
"267",-6,29.33999934,"Sat_Mombasa_lagoon"
"268",-5,28.93999935,"Sat_Mombasa_lagoon"
"269",-4,29.47999934,"Sat_Mombasa_lagoon"
"270",-3,29.47999934,"Sat_Mombasa_lagoon"
"271",-2,29.28999935,"Sat_Mombasa_lagoon"
"272",-1,29.32999934,"Sat_Mombasa_lagoon"
"273",0,29.84999933,"Sat_Mombasa_lagoon"
"274",-90,28.479,"IN_Mombasa_lagoon"
"275",-89,28.736125,"IN_Mombasa_lagoon"
"276",-88,28.30775,"IN_Mombasa_lagoon"
"277",-87,28.435,"IN_Mombasa_lagoon"
"278",-86,28.394375,"IN_Mombasa_lagoon"
"279",-85,28.379,"IN_Mombasa_lagoon"
"280",-84,28.578125,"IN_Mombasa_lagoon"
"281",-83,28.836375,"IN_Mombasa_lagoon"
"282",-82,28.778,"IN_Mombasa_lagoon"
"283",-81,28.588375,"IN_Mombasa_lagoon"
"284",-80,28.358125,"IN_Mombasa_lagoon"
"285",-79,28.276625,"IN_Mombasa_lagoon"
"286",-78,28.30825,"IN_Mombasa_lagoon"
"287",-77,27.98075,"IN_Mombasa_lagoon"
"288",-76,27.560625,"IN_Mombasa_lagoon"
"289",-75,27.1855,"IN_Mombasa_lagoon"
"290",-74,27.333625,"IN_Mombasa_lagoon"
"291",-73,27.440875,"IN_Mombasa_lagoon"
"292",-72,27.317875,"IN_Mombasa_lagoon"
"293",-71,27.0785,"IN_Mombasa_lagoon"
"294",-70,28.002125,"IN_Mombasa_lagoon"
"295",-69,27.810625,"IN_Mombasa_lagoon"
"296",-68,28.122125,"IN_Mombasa_lagoon"
"297",-67,28.33975,"IN_Mombasa_lagoon"
"298",-66,27.835,"IN_Mombasa_lagoon"
"299",-65,27.9745,"IN_Mombasa_lagoon"
"300",-64,27.863875,"IN_Mombasa_lagoon"
"301",-63,27.25375,"IN_Mombasa_lagoon"
"302",-62,26.9625,"IN_Mombasa_lagoon"
"303",-61,26.8985,"IN_Mombasa_lagoon"
"304",-60,26.885875,"IN_Mombasa_lagoon"
"305",-59,26.570375,"IN_Mombasa_lagoon"
"306",-58,26.797,"IN_Mombasa_lagoon"
"307",-57,26.889625,"IN_Mombasa_lagoon"
"308",-56,26.7325,"IN_Mombasa_lagoon"
"309",-55,27.03575,"IN_Mombasa_lagoon"
"310",-54,27.44375,"IN_Mombasa_lagoon"
"311",-53,27.722125,"IN_Mombasa_lagoon"
"312",-52,27.7835,"IN_Mombasa_lagoon"
"313",-51,27.931625,"IN_Mombasa_lagoon"
"314",-50,27.9245,"IN_Mombasa_lagoon"
"315",-49,27.919,"IN_Mombasa_lagoon"
"316",-48,27.82,"IN_Mombasa_lagoon"
"317",-47,27.980875,"IN_Mombasa_lagoon"
"318",-46,27.835,"IN_Mombasa_lagoon"
"319",-45,27.8475,"IN_Mombasa_lagoon"
"320",-44,27.94925,"IN_Mombasa_lagoon"
"321",-43,27.68675,"IN_Mombasa_lagoon"
"322",-42,27.825875,"IN_Mombasa_lagoon"
"323",-41,28.03925,"IN_Mombasa_lagoon"
"324",-40,28.392125,"IN_Mombasa_lagoon"
"325",-39,28.736375,"IN_Mombasa_lagoon"
"326",-38,28.938,"IN_Mombasa_lagoon"
"327",-37,28.932625,"IN_Mombasa_lagoon"
"328",-36,29.24825,"IN_Mombasa_lagoon"
"329",-35,29.35475,"IN_Mombasa_lagoon"
"330",-34,29.4415,"IN_Mombasa_lagoon"
"331",-33,29.59175,"IN_Mombasa_lagoon"
"332",-32,29.61025,"IN_Mombasa_lagoon"
"333",-31,29.753625,"IN_Mombasa_lagoon"
"334",-30,29.917,"IN_Mombasa_lagoon"
"335",-29,29.916875,"IN_Mombasa_lagoon"
"336",-28,30.196875,"IN_Mombasa_lagoon"
"337",-27,30.080375,"IN_Mombasa_lagoon"
"338",-26,30.304125,"IN_Mombasa_lagoon"
"339",-25,30.40775,"IN_Mombasa_lagoon"
"340",-24,30.426125,"IN_Mombasa_lagoon"
"341",-23,30.52475,"IN_Mombasa_lagoon"
"342",-22,30.61575,"IN_Mombasa_lagoon"
"343",-21,30.669625,"IN_Mombasa_lagoon"
"344",-20,30.517375,"IN_Mombasa_lagoon"
"345",-19,30.615625,"IN_Mombasa_lagoon"
"346",-18,30.839875,"IN_Mombasa_lagoon"
"347",-17,30.846375,"IN_Mombasa_lagoon"
"348",-16,30.91625,"IN_Mombasa_lagoon"
"349",-15,30.340625,"IN_Mombasa_lagoon"
"350",-14,30.227,"IN_Mombasa_lagoon"
"351",-13,30.21475,"IN_Mombasa_lagoon"
"352",-12,30.183375,"IN_Mombasa_lagoon"
"353",-11,29.493625,"IN_Mombasa_lagoon"
"354",-10,29.34025,"IN_Mombasa_lagoon"
"355",-9,29.430875,"IN_Mombasa_lagoon"
"356",-8,29.284,"IN_Mombasa_lagoon"
"357",-7,29.452875,"IN_Mombasa_lagoon"
"358",-6,29.92325,"IN_Mombasa_lagoon"
"359",-5,29.9325,"IN_Mombasa_lagoon"
"360",-4,30.002125,"IN_Mombasa_lagoon"
"361",-3,29.926,"IN_Mombasa_lagoon"
"362",-2,29.813,"IN_Mombasa_lagoon"
"363",-1,30.12325,"IN_Mombasa_lagoon"
"364",0,29.8345,"IN_Mombasa_lagoon"
"365",-90,27.88999938,"Sat_Mombasa_Offshore"
"366",-89,28.11999937,"Sat_Mombasa_Offshore"
"367",-88,28.08999937,"Sat_Mombasa_Offshore"
"368",-87,28.19999937,"Sat_Mombasa_Offshore"
"369",-86,28.26999937,"Sat_Mombasa_Offshore"
"370",-85,28.14999937,"Sat_Mombasa_Offshore"
"371",-84,27.94999938,"Sat_Mombasa_Offshore"
"372",-83,27.40999939,"Sat_Mombasa_Offshore"
"373",-82,27.56999938,"Sat_Mombasa_Offshore"
"374",-81,27.48999939,"Sat_Mombasa_Offshore"
"375",-80,27.51999938,"Sat_Mombasa_Offshore"
"376",-79,27.39999939,"Sat_Mombasa_Offshore"
"377",-78,27.24999939,"Sat_Mombasa_Offshore"
"378",-77,27.19999939,"Sat_Mombasa_Offshore"
"379",-76,27.50999939,"Sat_Mombasa_Offshore"
"380",-75,27.62999938,"Sat_Mombasa_Offshore"
"381",-74,27.59999938,"Sat_Mombasa_Offshore"
"382",-73,27.79999938,"Sat_Mombasa_Offshore"
"383",-72,27.42999939,"Sat_Mombasa_Offshore"
"384",-71,27.41999939,"Sat_Mombasa_Offshore"
"385",-70,27.62999938,"Sat_Mombasa_Offshore"
"386",-69,27.24999939,"Sat_Mombasa_Offshore"
"387",-68,27.21999939,"Sat_Mombasa_Offshore"
"388",-67,27.11999939,"Sat_Mombasa_Offshore"
"389",-66,26.8899994,"Sat_Mombasa_Offshore"
"390",-65,26.7299994,"Sat_Mombasa_Offshore"
"391",-64,26.46999941,"Sat_Mombasa_Offshore"
"392",-63,26.52999941,"Sat_Mombasa_Offshore"
"393",-62,26.7499994,"Sat_Mombasa_Offshore"
"394",-61,27.06999939,"Sat_Mombasa_Offshore"
"395",-60,26.8699994,"Sat_Mombasa_Offshore"
"396",-59,27.22999939,"Sat_Mombasa_Offshore"
"397",-58,27.34999939,"Sat_Mombasa_Offshore"
"398",-57,27.33999939,"Sat_Mombasa_Offshore"
"399",-56,27.39999939,"Sat_Mombasa_Offshore"
"400",-55,27.38999939,"Sat_Mombasa_Offshore"
"401",-54,27.32999939,"Sat_Mombasa_Offshore"
"402",-53,27.14999939,"Sat_Mombasa_Offshore"
"403",-52,27.24999939,"Sat_Mombasa_Offshore"
"404",-51,27.08999939,"Sat_Mombasa_Offshore"
"405",-50,27.27999939,"Sat_Mombasa_Offshore"
"406",-49,27.46999939,"Sat_Mombasa_Offshore"
"407",-48,27.54999938,"Sat_Mombasa_Offshore"
"408",-47,27.69999938,"Sat_Mombasa_Offshore"
"409",-46,27.90999938,"Sat_Mombasa_Offshore"
"410",-45,28.01999937,"Sat_Mombasa_Offshore"
"411",-44,28.13999937,"Sat_Mombasa_Offshore"
"412",-43,28.22999937,"Sat_Mombasa_Offshore"
"413",-42,28.39999937,"Sat_Mombasa_Offshore"
"414",-41,28.35999937,"Sat_Mombasa_Offshore"
"415",-40,28.40999936,"Sat_Mombasa_Offshore"
"416",-39,28.47999936,"Sat_Mombasa_Offshore"
"417",-38,28.28999937,"Sat_Mombasa_Offshore"
"418",-37,28.38999937,"Sat_Mombasa_Offshore"
"419",-36,28.61999936,"Sat_Mombasa_Offshore"
"420",-35,28.47999936,"Sat_Mombasa_Offshore"
"421",-34,28.64999936,"Sat_Mombasa_Offshore"
"422",-33,28.69999936,"Sat_Mombasa_Offshore"
"423",-32,28.63999936,"Sat_Mombasa_Offshore"
"424",-31,28.98999935,"Sat_Mombasa_Offshore"
"425",-30,29.05999935,"Sat_Mombasa_Offshore"
"426",-29,29.12999935,"Sat_Mombasa_Offshore"
"427",-28,29.19999935,"Sat_Mombasa_Offshore"
"428",-27,29.26999935,"Sat_Mombasa_Offshore"
"429",-26,29.20999935,"Sat_Mombasa_Offshore"
"430",-25,29.33999934,"Sat_Mombasa_Offshore"
"431",-24,29.45999934,"Sat_Mombasa_Offshore"
"432",-23,29.51999934,"Sat_Mombasa_Offshore"
"433",-22,29.39999934,"Sat_Mombasa_Offshore"
"434",-21,29.24999935,"Sat_Mombasa_Offshore"
"435",-20,29.27999935,"Sat_Mombasa_Offshore"
"436",-19,29.53999934,"Sat_Mombasa_Offshore"
"437",-18,29.75999933,"Sat_Mombasa_Offshore"
"438",-17,29.87999933,"Sat_Mombasa_Offshore"
"439",-16,29.52999934,"Sat_Mombasa_Offshore"
"440",-15,29.17999935,"Sat_Mombasa_Offshore"
"441",-14,29.09999935,"Sat_Mombasa_Offshore"
"442",-13,29.44999934,"Sat_Mombasa_Offshore"
"443",-12,29.44999934,"Sat_Mombasa_Offshore"
"444",-11,29.08999935,"Sat_Mombasa_Offshore"
"445",-10,28.69999936,"Sat_Mombasa_Offshore"
"446",-9,29.22999935,"Sat_Mombasa_Offshore"
"447",-8,29.26999935,"Sat_Mombasa_Offshore"
"448",-7,29.47999934,"Sat_Mombasa_Offshore"
"449",-6,29.37999934,"Sat_Mombasa_Offshore"
"450",-5,29.70999934,"Sat_Mombasa_Offshore"
"451",-4,30.03999933,"Sat_Mombasa_Offshore"
"452",-3,30.27999932,"Sat_Mombasa_Offshore"
"453",-2,29.93999933,"Sat_Mombasa_Offshore"
"454",-1,29.61999934,"Sat_Mombasa_Offshore"
"455",0,29.57999934,"Sat_Mombasa_Offshore"
"456",-90,27.85575,"IN_Mombasa_Offshore"
"457",-89,28.066625,"IN_Mombasa_Offshore"
"458",-88,27.9175,"IN_Mombasa_Offshore"
"459",-87,27.89879167,"IN_Mombasa_Offshore"
"460",-86,27.72816667,"IN_Mombasa_Offshore"
"461",-85,27.732625,"IN_Mombasa_Offshore"
"462",-84,27.93908333,"IN_Mombasa_Offshore"
"463",-83,27.884125,"IN_Mombasa_Offshore"
"464",-82,27.168875,"IN_Mombasa_Offshore"
"465",-81,27.12833333,"IN_Mombasa_Offshore"
"466",-80,26.89541667,"IN_Mombasa_Offshore"
"467",-79,26.86570833,"IN_Mombasa_Offshore"
"468",-78,26.66558333,"IN_Mombasa_Offshore"
"469",-77,26.314875,"IN_Mombasa_Offshore"
"470",-76,26.65266667,"IN_Mombasa_Offshore"
"471",-75,27.06633333,"IN_Mombasa_Offshore"
"472",-74,27.441,"IN_Mombasa_Offshore"
"473",-73,27.74966667,"IN_Mombasa_Offshore"
"474",-72,27.62875,"IN_Mombasa_Offshore"
"475",-71,27.12616667,"IN_Mombasa_Offshore"
"476",-70,27.59970833,"IN_Mombasa_Offshore"
"477",-69,27.35491667,"IN_Mombasa_Offshore"
"478",-68,26.308375,"IN_Mombasa_Offshore"
"479",-67,25.79004167,"IN_Mombasa_Offshore"
"480",-66,25.96804167,"IN_Mombasa_Offshore"
"481",-65,25.81995833,"IN_Mombasa_Offshore"
"482",-64,25.67508333,"IN_Mombasa_Offshore"
"483",-63,25.83466667,"IN_Mombasa_Offshore"
"484",-62,25.78220833,"IN_Mombasa_Offshore"
"485",-61,25.90870833,"IN_Mombasa_Offshore"
"486",-60,26.674625,"IN_Mombasa_Offshore"
"487",-59,27.335125,"IN_Mombasa_Offshore"
"488",-58,26.99745833,"IN_Mombasa_Offshore"
"489",-57,27.38345833,"IN_Mombasa_Offshore"
"490",-56,27.59970833,"IN_Mombasa_Offshore"
"491",-55,27.453625,"IN_Mombasa_Offshore"
"492",-54,26.868875,"IN_Mombasa_Offshore"
"493",-53,26.84645833,"IN_Mombasa_Offshore"
"494",-52,27.05075,"IN_Mombasa_Offshore"
"495",-51,27.480875,"IN_Mombasa_Offshore"
"496",-50,27.77091667,"IN_Mombasa_Offshore"
"497",-49,27.5455,"IN_Mombasa_Offshore"
"498",-48,27.13791667,"IN_Mombasa_Offshore"
"499",-47,27.04491667,"IN_Mombasa_Offshore"
"500",-46,27.1065,"IN_Mombasa_Offshore"
"501",-45,27.42566667,"IN_Mombasa_Offshore"
"502",-44,28.09041667,"IN_Mombasa_Offshore"
"503",-43,28.2185,"IN_Mombasa_Offshore"
"504",-42,27.983375,"IN_Mombasa_Offshore"
"505",-41,27.62841667,"IN_Mombasa_Offshore"
"506",-40,27.63616667,"IN_Mombasa_Offshore"
"507",-39,27.73570833,"IN_Mombasa_Offshore"
"508",-38,28.45283333,"IN_Mombasa_Offshore"
"509",-37,28.101875,"IN_Mombasa_Offshore"
"510",-36,27.97904167,"IN_Mombasa_Offshore"
"511",-35,28.54729167,"IN_Mombasa_Offshore"
"512",-34,28.96295833,"IN_Mombasa_Offshore"
"513",-33,29.20029167,"IN_Mombasa_Offshore"
"514",-32,29.39504167,"IN_Mombasa_Offshore"
"515",-31,29.63895833,"IN_Mombasa_Offshore"
"516",-30,29.79133333,"IN_Mombasa_Offshore"
"517",-29,29.87291667,"IN_Mombasa_Offshore"
"518",-28,29.86258333,"IN_Mombasa_Offshore"
"519",-27,29.83545833,"IN_Mombasa_Offshore"
"520",-26,30.0425,"IN_Mombasa_Offshore"
"521",-25,29.77829167,"IN_Mombasa_Offshore"
"522",-24,29.67204167,"IN_Mombasa_Offshore"
"523",-23,29.57829167,"IN_Mombasa_Offshore"
"524",-22,29.52295833,"IN_Mombasa_Offshore"
"525",-21,29.34454167,"IN_Mombasa_Offshore"
"526",-20,29.370625,"IN_Mombasa_Offshore"
"527",-19,29.396875,"IN_Mombasa_Offshore"
"528",-18,29.73966667,"IN_Mombasa_Offshore"
"529",-17,29.09504167,"IN_Mombasa_Offshore"
"530",-16,28.61483333,"IN_Mombasa_Offshore"
"531",-15,28.85641667,"IN_Mombasa_Offshore"
"532",-14,28.76408333,"IN_Mombasa_Offshore"
"533",-13,28.63575,"IN_Mombasa_Offshore"
"534",-12,28.79370833,"IN_Mombasa_Offshore"
"535",-11,29.08525,"IN_Mombasa_Offshore"
"536",-10,28.85220833,"IN_Mombasa_Offshore"
"537",-9,29.054125,"IN_Mombasa_Offshore"
"538",-8,28.82175,"IN_Mombasa_Offshore"
"539",-7,28.92058333,"IN_Mombasa_Offshore"
"540",-6,29.36216667,"IN_Mombasa_Offshore"
"541",-5,29.75566667,"IN_Mombasa_Offshore"
"542",-4,29.81975,"IN_Mombasa_Offshore"
"543",-3,29.96491667,"IN_Mombasa_Offshore"
"544",-2,29.89075,"IN_Mombasa_Offshore"
"545",-1,30.10683333,"IN_Mombasa_Offshore"
"546",0,30.01729167,"IN_Mombasa_Offshore"
"547",-90,27.92999938,"Sat_Mradi"
"548",-89,28.29999937,"Sat_Mradi"
"549",-88,28.27999937,"Sat_Mradi"
"550",-87,28.25999937,"Sat_Mradi"
"551",-86,27.85999938,"Sat_Mradi"
"552",-85,28.08999937,"Sat_Mradi"
"553",-84,28.07999937,"Sat_Mradi"
"554",-83,28.14999937,"Sat_Mradi"
"555",-82,28.24999937,"Sat_Mradi"
"556",-81,28.08999937,"Sat_Mradi"
"557",-80,27.89999938,"Sat_Mradi"
"558",-79,27.37999939,"Sat_Mradi"
"559",-78,27.52999938,"Sat_Mradi"
"560",-77,27.45999939,"Sat_Mradi"
"561",-76,27.47999939,"Sat_Mradi"
"562",-75,27.27999939,"Sat_Mradi"
"563",-74,27.13999939,"Sat_Mradi"
"564",-73,27.0599994,"Sat_Mradi"
"565",-72,27.36999939,"Sat_Mradi"
"566",-71,27.48999939,"Sat_Mradi"
"567",-70,27.49999939,"Sat_Mradi"
"568",-69,27.77999938,"Sat_Mradi"
"569",-68,27.37999939,"Sat_Mradi"
"570",-67,27.38999939,"Sat_Mradi"
"571",-66,27.57999938,"Sat_Mradi"
"572",-65,27.21999939,"Sat_Mradi"
"573",-64,27.21999939,"Sat_Mradi"
"574",-63,27.15999939,"Sat_Mradi"
"575",-62,26.9099994,"Sat_Mradi"
"576",-61,26.7299994,"Sat_Mradi"
"577",-60,26.45999941,"Sat_Mradi"
"578",-59,26.50999941,"Sat_Mradi"
"579",-58,26.7299994,"Sat_Mradi"
"580",-57,27.0499994,"Sat_Mradi"
"581",-56,26.8199994,"Sat_Mradi"
"582",-55,27.17999939,"Sat_Mradi"
"583",-54,27.34999939,"Sat_Mradi"
"584",-53,27.26999939,"Sat_Mradi"
"585",-52,27.33999939,"Sat_Mradi"
"586",-51,27.35999939,"Sat_Mradi"
"587",-50,27.30999939,"Sat_Mradi"
"588",-49,27.15999939,"Sat_Mradi"
"589",-48,27.21999939,"Sat_Mradi"
"590",-47,27.0599994,"Sat_Mradi"
"591",-46,27.21999939,"Sat_Mradi"
"592",-45,27.37999939,"Sat_Mradi"
"593",-44,27.44999939,"Sat_Mradi"
"594",-43,27.63999938,"Sat_Mradi"
"595",-42,27.86999938,"Sat_Mradi"
"596",-41,28.00999937,"Sat_Mradi"
"597",-40,28.12999937,"Sat_Mradi"
"598",-39,28.26999937,"Sat_Mradi"
"599",-38,28.39999937,"Sat_Mradi"
"600",-37,28.36999937,"Sat_Mradi"
"601",-36,28.40999936,"Sat_Mradi"
"602",-35,28.47999936,"Sat_Mradi"
"603",-34,28.24999937,"Sat_Mradi"
"604",-33,28.38999937,"Sat_Mradi"
"605",-32,28.59999936,"Sat_Mradi"
"606",-31,28.48999936,"Sat_Mradi"
"607",-30,28.64999936,"Sat_Mradi"
"608",-29,28.68999936,"Sat_Mradi"
"609",-28,28.59999936,"Sat_Mradi"
"610",-27,28.97999935,"Sat_Mradi"
"611",-26,29.02999935,"Sat_Mradi"
"612",-25,29.12999935,"Sat_Mradi"
"613",-24,29.19999935,"Sat_Mradi"
"614",-23,29.23999935,"Sat_Mradi"
"615",-22,29.18999935,"Sat_Mradi"
"616",-21,29.33999934,"Sat_Mradi"
"617",-20,29.46999934,"Sat_Mradi"
"618",-19,29.56999934,"Sat_Mradi"
"619",-18,29.37999934,"Sat_Mradi"
"620",-17,29.18999935,"Sat_Mradi"
"621",-16,29.23999935,"Sat_Mradi"
"622",-15,29.49999934,"Sat_Mradi"
"623",-14,29.70999934,"Sat_Mradi"
"624",-13,29.82999933,"Sat_Mradi"
"625",-12,29.48999934,"Sat_Mradi"
"626",-11,29.14999935,"Sat_Mradi"
"627",-10,29.11999935,"Sat_Mradi"
"628",-9,29.45999934,"Sat_Mradi"
"629",-8,29.44999934,"Sat_Mradi"
"630",-7,29.05999935,"Sat_Mradi"
"631",-6,28.65999936,"Sat_Mradi"
"632",-5,29.21999935,"Sat_Mradi"
"633",-4,29.26999935,"Sat_Mradi"
"634",-3,29.47999934,"Sat_Mradi"
"635",-2,29.39999934,"Sat_Mradi"
"636",-1,29.69999934,"Sat_Mradi"
"637",0,30.01999933,"Sat_Mradi"
"638",-90,28.659,"IN_Mradi"
"639",-89,28.472,"IN_Mradi"
"640",-88,28.341875,"IN_Mradi"
"641",-87,28.24875,"IN_Mradi"
"642",-86,28.35125,"IN_Mradi"
"643",-85,28.672875,"IN_Mradi"
"644",-84,28.904125,"IN_Mradi"
"645",-83,28.708875,"IN_Mradi"
"646",-82,28.655875,"IN_Mradi"
"647",-81,28.468375,"IN_Mradi"
"648",-80,28.252875,"IN_Mradi"
"649",-79,28.228375,"IN_Mradi"
"650",-78,28.00225,"IN_Mradi"
"651",-77,27.46875,"IN_Mradi"
"652",-76,27.115125,"IN_Mradi"
"653",-75,27.16775,"IN_Mradi"
"654",-74,27.121625,"IN_Mradi"
"655",-73,26.940375,"IN_Mradi"
"656",-72,27.05425,"IN_Mradi"
"657",-71,27.5635,"IN_Mradi"
"658",-70,28.014875,"IN_Mradi"
"659",-69,28.106625,"IN_Mradi"
"660",-68,28.1375,"IN_Mradi"
"661",-67,27.76725,"IN_Mradi"
"662",-66,28.006375,"IN_Mradi"
"663",-65,27.92625,"IN_Mradi"
"664",-64,27.41725,"IN_Mradi"
"665",-63,27.186625,"IN_Mradi"
"666",-62,27.13175,"IN_Mradi"
"667",-61,26.987125,"IN_Mradi"
"668",-60,26.6195,"IN_Mradi"
"669",-59,26.775625,"IN_Mradi"
"670",-58,26.812625,"IN_Mradi"
"671",-57,26.742125,"IN_Mradi"
"672",-56,27.015125,"IN_Mradi"
"673",-55,27.517875,"IN_Mradi"
"674",-54,27.87575,"IN_Mradi"
"675",-53,27.928875,"IN_Mradi"
"676",-52,27.91025,"IN_Mradi"
"677",-51,27.991,"IN_Mradi"
"678",-50,27.953875,"IN_Mradi"
"679",-49,27.861375,"IN_Mradi"
"680",-48,27.7965,"IN_Mradi"
"681",-47,27.613625,"IN_Mradi"
"682",-46,27.478,"IN_Mradi"
"683",-45,27.733375,"IN_Mradi"
"684",-44,27.628375,"IN_Mradi"
"685",-43,27.653375,"IN_Mradi"
"686",-42,27.901375,"IN_Mradi"
"687",-41,28.402875,"IN_Mradi"
"688",-40,28.91675,"IN_Mradi"
"689",-39,28.9165,"IN_Mradi"
"690",-38,28.91675,"IN_Mradi"
"691",-37,29.07025,"IN_Mradi"
"692",-36,29.551375,"IN_Mradi"
"693",-35,29.579375,"IN_Mradi"
"694",-34,29.482625,"IN_Mradi"
"695",-33,29.637125,"IN_Mradi"
"696",-32,29.766,"IN_Mradi"
"697",-31,30.191125,"IN_Mradi"
"698",-30,30.023125,"IN_Mradi"
"699",-29,29.844625,"IN_Mradi"
"700",-28,29.834875,"IN_Mradi"
"701",-27,30.25775,"IN_Mradi"
"702",-26,30.47575,"IN_Mradi"
"703",-25,30.319,"IN_Mradi"
"704",-24,30.3825,"IN_Mradi"
"705",-23,30.33825,"IN_Mradi"
"706",-22,30.395875,"IN_Mradi"
"707",-21,30.611,"IN_Mradi"
"708",-20,30.681875,"IN_Mradi"
"709",-19,30.737625,"IN_Mradi"
"710",-18,30.79575,"IN_Mradi"
"711",-17,30.799875,"IN_Mradi"
"712",-16,30.27225,"IN_Mradi"
"713",-15,30.080125,"IN_Mradi"
"714",-14,29.922875,"IN_Mradi"
"715",-13,29.887625,"IN_Mradi"
"716",-12,29.45925,"IN_Mradi"
"717",-11,29.45325,"IN_Mradi"
"718",-10,29.6285,"IN_Mradi"
"719",-9,29.443125,"IN_Mradi"
"720",-8,29.56575,"IN_Mradi"
"721",-7,29.649875,"IN_Mradi"
"722",-6,29.92025,"IN_Mradi"
"723",-5,29.994375,"IN_Mradi"
"724",-4,30.078375,"IN_Mradi"
"725",-3,30.09875,"IN_Mradi"
"726",-2,30.218625,"IN_Mradi"
"727",-1,29.884625,"IN_Mradi"
"728",0,29.938625,"IN_Mradi"
"729",-90,28.14999937,"Sat_Kuruwitu"
"730",-89,28.03999937,"Sat_Kuruwitu"
"731",-88,28.18999937,"Sat_Kuruwitu"
"732",-87,28.07999937,"Sat_Kuruwitu"
"733",-86,27.95999938,"Sat_Kuruwitu"
"734",-85,28.28999937,"Sat_Kuruwitu"
"735",-84,28.20999937,"Sat_Kuruwitu"
"736",-83,28.19999937,"Sat_Kuruwitu"
"737",-82,27.80999938,"Sat_Kuruwitu"
"738",-81,28.02999937,"Sat_Kuruwitu"
"739",-80,28.05999937,"Sat_Kuruwitu"
"740",-79,28.08999937,"Sat_Kuruwitu"
"741",-78,28.12999937,"Sat_Kuruwitu"
"742",-77,27.97999937,"Sat_Kuruwitu"
"743",-76,27.82999938,"Sat_Kuruwitu"
"744",-75,27.36999939,"Sat_Kuruwitu"
"745",-74,27.47999939,"Sat_Kuruwitu"
"746",-73,27.40999939,"Sat_Kuruwitu"
"747",-72,27.42999939,"Sat_Kuruwitu"
"748",-71,27.0199994,"Sat_Kuruwitu"
"749",-70,26.9899994,"Sat_Kuruwitu"
"750",-69,26.9099994,"Sat_Kuruwitu"
"751",-68,27.15999939,"Sat_Kuruwitu"
"752",-67,27.30999939,"Sat_Kuruwitu"
"753",-66,27.31999939,"Sat_Kuruwitu"
"754",-65,27.78999938,"Sat_Kuruwitu"
"755",-64,27.35999939,"Sat_Kuruwitu"
"756",-63,27.30999939,"Sat_Kuruwitu"
"757",-62,27.48999939,"Sat_Kuruwitu"
"758",-61,27.17999939,"Sat_Kuruwitu"
"759",-60,27.21999939,"Sat_Kuruwitu"
"760",-59,27.19999939,"Sat_Kuruwitu"
"761",-58,26.9299994,"Sat_Kuruwitu"
"762",-57,26.7099994,"Sat_Kuruwitu"
"763",-56,26.42999941,"Sat_Kuruwitu"
"764",-55,26.38999941,"Sat_Kuruwitu"
"765",-54,26.6499994,"Sat_Kuruwitu"
"766",-53,26.9799994,"Sat_Kuruwitu"
"767",-52,26.6899994,"Sat_Kuruwitu"
"768",-51,27.10999939,"Sat_Kuruwitu"
"769",-50,27.30999939,"Sat_Kuruwitu"
"770",-49,27.21999939,"Sat_Kuruwitu"
"771",-48,27.25999939,"Sat_Kuruwitu"
"772",-47,27.22999939,"Sat_Kuruwitu"
"773",-46,27.22999939,"Sat_Kuruwitu"
"774",-45,27.12999939,"Sat_Kuruwitu"
"775",-44,27.13999939,"Sat_Kuruwitu"
"776",-43,26.9999994,"Sat_Kuruwitu"
"777",-42,27.0499994,"Sat_Kuruwitu"
"778",-41,27.12999939,"Sat_Kuruwitu"
"779",-40,27.20999939,"Sat_Kuruwitu"
"780",-39,27.50999939,"Sat_Kuruwitu"
"781",-38,27.83999938,"Sat_Kuruwitu"
"782",-37,27.95999938,"Sat_Kuruwitu"
"783",-36,28.11999937,"Sat_Kuruwitu"
"784",-35,28.22999937,"Sat_Kuruwitu"
"785",-34,28.32999937,"Sat_Kuruwitu"
"786",-33,28.32999937,"Sat_Kuruwitu"
"787",-32,28.30999937,"Sat_Kuruwitu"
"788",-31,28.44999936,"Sat_Kuruwitu"
"789",-30,28.24999937,"Sat_Kuruwitu"
"790",-29,28.35999937,"Sat_Kuruwitu"
"791",-28,28.53999936,"Sat_Kuruwitu"
"792",-27,28.42999936,"Sat_Kuruwitu"
"793",-26,28.57999936,"Sat_Kuruwitu"
"794",-25,28.61999936,"Sat_Kuruwitu"
"795",-24,28.50999936,"Sat_Kuruwitu"
"796",-23,28.90999935,"Sat_Kuruwitu"
"797",-22,29.01999935,"Sat_Kuruwitu"
"798",-21,29.11999935,"Sat_Kuruwitu"
"799",-20,29.14999935,"Sat_Kuruwitu"
"800",-19,29.18999935,"Sat_Kuruwitu"
"801",-18,29.15999935,"Sat_Kuruwitu"
"802",-17,29.35999934,"Sat_Kuruwitu"
"803",-16,29.44999934,"Sat_Kuruwitu"
"804",-15,29.62999934,"Sat_Kuruwitu"
"805",-14,29.30999934,"Sat_Kuruwitu"
"806",-13,29.05999935,"Sat_Kuruwitu"
"807",-12,29.10999935,"Sat_Kuruwitu"
"808",-11,29.39999934,"Sat_Kuruwitu"
"809",-10,29.61999934,"Sat_Kuruwitu"
"810",-9,29.74999934,"Sat_Kuruwitu"
"811",-8,29.44999934,"Sat_Kuruwitu"
"812",-7,29.09999935,"Sat_Kuruwitu"
"813",-6,29.10999935,"Sat_Kuruwitu"
"814",-5,29.50999934,"Sat_Kuruwitu"
"815",-4,29.41999934,"Sat_Kuruwitu"
"816",-3,29.00999935,"Sat_Kuruwitu"
"817",-2,28.55999936,"Sat_Kuruwitu"
"818",-1,29.15999935,"Sat_Kuruwitu"
"819",0,29.25999935,"Sat_Kuruwitu"
"820",-90,28.7785,"IN_Kuruwitu"
"821",-89,28.565125,"IN_Kuruwitu"
"822",-88,28.4115,"IN_Kuruwitu"
"823",-87,28.481625,"IN_Kuruwitu"
"824",-86,28.600375,"IN_Kuruwitu"
"825",-85,28.52675,"IN_Kuruwitu"
"826",-84,28.217125,"IN_Kuruwitu"
"827",-83,28.014625,"IN_Kuruwitu"
"828",-82,28.111875,"IN_Kuruwitu"
"829",-81,28.928125,"IN_Kuruwitu"
"830",-80,29.023625,"IN_Kuruwitu"
"831",-79,28.841375,"IN_Kuruwitu"
"832",-78,28.8005,"IN_Kuruwitu"
"833",-77,28.420375,"IN_Kuruwitu"
"834",-76,28.193125,"IN_Kuruwitu"
"835",-75,28.07825,"IN_Kuruwitu"
"836",-74,27.621375,"IN_Kuruwitu"
"837",-73,27.1615,"IN_Kuruwitu"
"838",-72,26.74125,"IN_Kuruwitu"
"839",-71,26.84375,"IN_Kuruwitu"
"840",-70,26.9125,"IN_Kuruwitu"
"841",-69,26.6475,"IN_Kuruwitu"
"842",-68,26.987375,"IN_Kuruwitu"
"843",-67,27.75475,"IN_Kuruwitu"
"844",-66,27.997375,"IN_Kuruwitu"
"845",-65,28.407875,"IN_Kuruwitu"
"846",-64,28.351375,"IN_Kuruwitu"
"847",-63,27.891,"IN_Kuruwitu"
"848",-62,28.099,"IN_Kuruwitu"
"849",-61,27.942375,"IN_Kuruwitu"
"850",-60,27.309,"IN_Kuruwitu"
"851",-59,27.152,"IN_Kuruwitu"
"852",-58,27.061375,"IN_Kuruwitu"
"853",-57,26.80175,"IN_Kuruwitu"
"854",-56,26.648125,"IN_Kuruwitu"
"855",-55,26.608625,"IN_Kuruwitu"
"856",-54,26.507625,"IN_Kuruwitu"
"857",-53,26.49475,"IN_Kuruwitu"
"858",-52,26.675875,"IN_Kuruwitu"
"859",-51,27.700625,"IN_Kuruwitu"
"860",-50,27.92025,"IN_Kuruwitu"
"861",-49,27.943875,"IN_Kuruwitu"
"862",-48,28.0165,"IN_Kuruwitu"
"863",-47,28.19475,"IN_Kuruwitu"
"864",-46,28.074375,"IN_Kuruwitu"
"865",-45,27.591375,"IN_Kuruwitu"
"866",-44,27.473625,"IN_Kuruwitu"
"867",-43,27.393375,"IN_Kuruwitu"
"868",-42,26.922125,"IN_Kuruwitu"
"869",-41,27.317875,"IN_Kuruwitu"
"870",-40,27.32525,"IN_Kuruwitu"
"871",-39,27.51475,"IN_Kuruwitu"
"872",-38,27.9875,"IN_Kuruwitu"
"873",-37,29.03175,"IN_Kuruwitu"
"874",-36,29.000875,"IN_Kuruwitu"
"875",-35,29.072125,"IN_Kuruwitu"
"876",-34,29.17025,"IN_Kuruwitu"
"877",-33,29.404875,"IN_Kuruwitu"
"878",-32,29.78225,"IN_Kuruwitu"
"879",-31,30.070375,"IN_Kuruwitu"
"880",-30,29.619875,"IN_Kuruwitu"
"881",-29,29.483625,"IN_Kuruwitu"
"882",-28,29.8985,"IN_Kuruwitu"
"883",-27,29.671,"IN_Kuruwitu"
"884",-26,29.169875,"IN_Kuruwitu"
"885",-25,29.605,"IN_Kuruwitu"
"886",-24,29.500875,"IN_Kuruwitu"
"887",-23,30.003,"IN_Kuruwitu"
"888",-22,30.52025,"IN_Kuruwitu"
"889",-21,30.717,"IN_Kuruwitu"
"890",-20,30.721375,"IN_Kuruwitu"
"891",-19,30.478875,"IN_Kuruwitu"
"892",-18,30.50575,"IN_Kuruwitu"
"893",-17,30.702375,"IN_Kuruwitu"
"894",-16,30.692375,"IN_Kuruwitu"
"895",-15,30.561875,"IN_Kuruwitu"
"896",-14,30.91975,"IN_Kuruwitu"
"897",-13,30.71325,"IN_Kuruwitu"
"898",-12,29.94475,"IN_Kuruwitu"
"899",-11,30.078125,"IN_Kuruwitu"
"900",-10,29.632125,"IN_Kuruwitu"
"901",-9,29.715875,"IN_Kuruwitu"
"902",-8,29.4785,"IN_Kuruwitu"
"903",-7,29.5685,"IN_Kuruwitu"
"904",-6,30.004375,"IN_Kuruwitu"
"905",-5,29.902875,"IN_Kuruwitu"
"906",-4,29.809875,"IN_Kuruwitu"
"907",-3,29.97025,"IN_Kuruwitu"
"908",-2,30.0365,"IN_Kuruwitu"
"909",-1,29.741125,"IN_Kuruwitu"
"910",0,29.59925,"IN_Kuruwitu"
"911",-90,27.77999938,"Sat_Watamu"
"912",-89,27.94999938,"Sat_Watamu"
"913",-88,27.68999938,"Sat_Watamu"
"914",-87,27.66999938,"Sat_Watamu"
"915",-86,27.17999939,"Sat_Watamu"
"916",-85,27.33999939,"Sat_Watamu"
"917",-84,27.28999939,"Sat_Watamu"
"918",-83,27.22999939,"Sat_Watamu"
"919",-82,27.0499994,"Sat_Watamu"
"920",-81,26.8299994,"Sat_Watamu"
"921",-80,26.6699994,"Sat_Watamu"
"922",-79,26.7899994,"Sat_Watamu"
"923",-78,26.8599994,"Sat_Watamu"
"924",-77,26.8999994,"Sat_Watamu"
"925",-76,27.14999939,"Sat_Watamu"
"926",-75,27.09999939,"Sat_Watamu"
"927",-74,26.8199994,"Sat_Watamu"
"928",-73,26.9999994,"Sat_Watamu"
"929",-72,26.8899994,"Sat_Watamu"
"930",-71,27.0399994,"Sat_Watamu"
"931",-70,27.08999939,"Sat_Watamu"
"932",-69,26.8399994,"Sat_Watamu"
"933",-68,26.7699994,"Sat_Watamu"
"934",-67,26.21999941,"Sat_Watamu"
"935",-66,26.44999941,"Sat_Watamu"
"936",-65,26.6699994,"Sat_Watamu"
"937",-64,26.9199994,"Sat_Watamu"
"938",-63,26.47999941,"Sat_Watamu"
"939",-62,26.6399994,"Sat_Watamu"
"940",-61,26.56999941,"Sat_Watamu"
"941",-60,27.0399994,"Sat_Watamu"
"942",-59,27.0199994,"Sat_Watamu"
"943",-58,27.12999939,"Sat_Watamu"
"944",-57,26.9299994,"Sat_Watamu"
"945",-56,27.10999939,"Sat_Watamu"
"946",-55,26.9599994,"Sat_Watamu"
"947",-54,26.9199994,"Sat_Watamu"
"948",-53,26.58999941,"Sat_Watamu"
"949",-52,26.57999941,"Sat_Watamu"
"950",-51,26.9499994,"Sat_Watamu"
"951",-50,27.40999939,"Sat_Watamu"
"952",-49,27.71999938,"Sat_Watamu"
"953",-48,27.65999938,"Sat_Watamu"
"954",-47,27.49999939,"Sat_Watamu"
"955",-46,27.67999938,"Sat_Watamu"
"956",-45,27.85999938,"Sat_Watamu"
"957",-44,28.09999937,"Sat_Watamu"
"958",-43,28.24999937,"Sat_Watamu"
"959",-42,28.30999937,"Sat_Watamu"
"960",-41,28.27999937,"Sat_Watamu"
"961",-40,28.32999937,"Sat_Watamu"
"962",-39,28.60999936,"Sat_Watamu"
"963",-38,28.59999936,"Sat_Watamu"
"964",-37,28.30999937,"Sat_Watamu"
"965",-36,28.39999937,"Sat_Watamu"
"966",-35,28.27999937,"Sat_Watamu"
"967",-34,28.87999935,"Sat_Watamu"
"968",-33,29.02999935,"Sat_Watamu"
"969",-32,29.29999935,"Sat_Watamu"
"970",-31,29.00999935,"Sat_Watamu"
"971",-30,28.85999935,"Sat_Watamu"
"972",-29,29.07999935,"Sat_Watamu"
"973",-28,29.33999934,"Sat_Watamu"
"974",-27,29.48999934,"Sat_Watamu"
"975",-26,29.61999934,"Sat_Watamu"
"976",-25,29.22999935,"Sat_Watamu"
"977",-24,28.99999935,"Sat_Watamu"
"978",-23,29.07999935,"Sat_Watamu"
"979",-22,29.43999934,"Sat_Watamu"
"980",-21,29.68999934,"Sat_Watamu"
"981",-20,29.66999934,"Sat_Watamu"
"982",-19,29.59999934,"Sat_Watamu"
"983",-18,29.21999935,"Sat_Watamu"
"984",-17,29.04999935,"Sat_Watamu"
"985",-16,29.49999934,"Sat_Watamu"
"986",-15,29.44999934,"Sat_Watamu"
"987",-14,28.94999935,"Sat_Watamu"
"988",-13,28.48999936,"Sat_Watamu"
"989",-12,29.20999935,"Sat_Watamu"
"990",-11,29.34999934,"Sat_Watamu"
"991",-10,29.31999934,"Sat_Watamu"
"992",-9,29.27999935,"Sat_Watamu"
"993",-8,29.84999933,"Sat_Watamu"
"994",-7,30.14999933,"Sat_Watamu"
"995",-6,30.37999932,"Sat_Watamu"
"996",-5,30.01999933,"Sat_Watamu"
"997",-4,29.82999933,"Sat_Watamu"
"998",-3,29.80999933,"Sat_Watamu"
"999",-2,29.63999934,"Sat_Watamu"
"1000",-1,29.46999934,"Sat_Watamu"
"1001",0,29.51999934,"Sat_Watamu"
"1002",-90,28.75275,"IN_Watamu"
"1003",-89,28.395375,"IN_Watamu"
"1004",-88,28.3365,"IN_Watamu"
"1005",-87,28.1105,"IN_Watamu"
"1006",-86,28.03575,"IN_Watamu"
"1007",-85,27.8225,"IN_Watamu"
"1008",-84,27.53925,"IN_Watamu"
"1009",-83,27.271875,"IN_Watamu"
"1010",-82,26.9285,"IN_Watamu"
"1011",-81,27.0695,"IN_Watamu"
"1012",-80,27.0265,"IN_Watamu"
"1013",-79,26.94675,"IN_Watamu"
"1014",-78,27.01525,"IN_Watamu"
"1015",-77,27.104,"IN_Watamu"
"1016",-76,27.26625,"IN_Watamu"
"1017",-75,27.62275,"IN_Watamu"
"1018",-74,27.385625,"IN_Watamu"
"1019",-73,27.5795,"IN_Watamu"
"1020",-72,27.481125,"IN_Watamu"
"1021",-71,27.465875,"IN_Watamu"
"1022",-70,27.487125,"IN_Watamu"
"1023",-69,27.352125,"IN_Watamu"
"1024",-68,27.185875,"IN_Watamu"
"1025",-67,26.726375,"IN_Watamu"
"1026",-66,26.861375,"IN_Watamu"
"1027",-65,26.846125,"IN_Watamu"
"1028",-64,26.681,"IN_Watamu"
"1029",-63,26.711375,"IN_Watamu"
"1030",-62,26.70225,"IN_Watamu"
"1031",-61,27.25675,"IN_Watamu"
"1032",-60,27.719125,"IN_Watamu"
"1033",-59,27.779875,"IN_Watamu"
"1034",-58,27.444625,"IN_Watamu"
"1035",-57,27.789125,"IN_Watamu"
"1036",-56,28.029625,"IN_Watamu"
"1037",-55,27.865875,"IN_Watamu"
"1038",-54,27.391875,"IN_Watamu"
"1039",-53,27.237875,"IN_Watamu"
"1040",-52,27.265625,"IN_Watamu"
"1041",-51,27.37625,"IN_Watamu"
"1042",-50,27.801625,"IN_Watamu"
"1043",-49,28.197,"IN_Watamu"
"1044",-48,28.62225,"IN_Watamu"
"1045",-47,28.96025,"IN_Watamu"
"1046",-46,28.95775,"IN_Watamu"
"1047",-45,29.141625,"IN_Watamu"
"1048",-44,29.747875,"IN_Watamu"
"1049",-43,30.29475,"IN_Watamu"
"1050",-42,30.11475,"IN_Watamu"
"1051",-41,30.451625,"IN_Watamu"
"1052",-40,30.120375,"IN_Watamu"
"1053",-39,30.483125,"IN_Watamu"
"1054",-38,30.843375,"IN_Watamu"
"1055",-37,30.5425,"IN_Watamu"
"1056",-36,30.78075,"IN_Watamu"
"1057",-35,30.025625,"IN_Watamu"
"1058",-34,30.386,"IN_Watamu"
"1059",-33,30.679625,"IN_Watamu"
"1060",-32,30.65375,"IN_Watamu"
"1061",-31,30.641375,"IN_Watamu"
"1062",-30,30.65325,"IN_Watamu"
"1063",-29,30.761125,"IN_Watamu"
"1064",-28,30.954375,"IN_Watamu"
"1065",-27,31.103375,"IN_Watamu"
"1066",-26,31.3225,"IN_Watamu"
"1067",-25,31.536625,"IN_Watamu"
"1068",-24,31.361,"IN_Watamu"
"1069",-23,30.87775,"IN_Watamu"
"1070",-22,30.359375,"IN_Watamu"
"1071",-21,30.152375,"IN_Watamu"
"1072",-20,30.114375,"IN_Watamu"
"1073",-19,29.84775,"IN_Watamu"
"1074",-18,29.8575,"IN_Watamu"
"1075",-17,30.058375,"IN_Watamu"
"1076",-16,30.18025,"IN_Watamu"
"1077",-15,30.259875,"IN_Watamu"
"1078",-14,30.391625,"IN_Watamu"
"1079",-13,30.558375,"IN_Watamu"
"1080",-12,30.37225,"IN_Watamu"
"1081",-11,30.507625,"IN_Watamu"
"1082",-10,30.542625,"IN_Watamu"
"1083",-9,30.71,"IN_Watamu"
"1084",-8,30.85925,"IN_Watamu"
"1085",-7,30.782625,"IN_Watamu"
"1086",-6,30.929875,"IN_Watamu"
"1087",-5,31.109375,"IN_Watamu"
"1088",-4,30.577875,"IN_Watamu"
"1089",-3,30.262125,"IN_Watamu"
"1090",-2,30.259375,"IN_Watamu"
"1091",-1,30.2055,"IN_Watamu"
"1092",0,30.022625,"IN_Watamu"
"1093",-90,28.09999937,"Sat_Bongoyo"
"1094",-89,28.25999937,"Sat_Bongoyo"
"1095",-88,28.26999937,"Sat_Bongoyo"
"1096",-87,28.28999937,"Sat_Bongoyo"
"1097",-86,28.11999937,"Sat_Bongoyo"
"1098",-85,28.25999937,"Sat_Bongoyo"
"1099",-84,28.16999937,"Sat_Bongoyo"
"1100",-83,28.34999937,"Sat_Bongoyo"
"1101",-82,28.34999937,"Sat_Bongoyo"
"1102",-81,28.57999936,"Sat_Bongoyo"
"1103",-80,28.45999936,"Sat_Bongoyo"
"1104",-79,28.50999936,"Sat_Bongoyo"
"1105",-78,28.68999936,"Sat_Bongoyo"
"1106",-77,28.95999935,"Sat_Bongoyo"
"1107",-76,28.62999936,"Sat_Bongoyo"
"1108",-75,28.47999936,"Sat_Bongoyo"
"1109",-74,28.28999937,"Sat_Bongoyo"
"1110",-73,28.43999936,"Sat_Bongoyo"
"1111",-72,28.60999936,"Sat_Bongoyo"
"1112",-71,28.95999935,"Sat_Bongoyo"
"1113",-70,29.15999935,"Sat_Bongoyo"
"1114",-69,28.92999935,"Sat_Bongoyo"
"1115",-68,28.82999936,"Sat_Bongoyo"
"1116",-67,28.93999935,"Sat_Bongoyo"
"1117",-66,29.23999935,"Sat_Bongoyo"
"1118",-65,29.37999934,"Sat_Bongoyo"
"1119",-64,29.20999935,"Sat_Bongoyo"
"1120",-63,29.08999935,"Sat_Bongoyo"
"1121",-62,28.99999935,"Sat_Bongoyo"
"1122",-61,29.22999935,"Sat_Bongoyo"
"1123",-60,29.35999934,"Sat_Bongoyo"
"1124",-59,29.35999934,"Sat_Bongoyo"
"1125",-58,29.34999934,"Sat_Bongoyo"
"1126",-57,28.97999935,"Sat_Bongoyo"
"1127",-56,28.98999935,"Sat_Bongoyo"
"1128",-55,29.50999934,"Sat_Bongoyo"
"1129",-54,29.51999934,"Sat_Bongoyo"
"1130",-53,29.49999934,"Sat_Bongoyo"
"1131",-52,29.64999934,"Sat_Bongoyo"
"1132",-51,29.97999933,"Sat_Bongoyo"
"1133",-50,29.85999933,"Sat_Bongoyo"
"1134",-49,29.74999934,"Sat_Bongoyo"
"1135",-48,29.83999933,"Sat_Bongoyo"
"1136",-47,29.99999933,"Sat_Bongoyo"
"1137",-46,30.15999933,"Sat_Bongoyo"
"1138",-45,29.82999933,"Sat_Bongoyo"
"1139",-44,29.74999934,"Sat_Bongoyo"
"1140",-43,29.98999933,"Sat_Bongoyo"
"1141",-42,29.97999933,"Sat_Bongoyo"
"1142",-41,29.94999933,"Sat_Bongoyo"
"1143",-40,30.06999933,"Sat_Bongoyo"
"1144",-39,30.13999933,"Sat_Bongoyo"
"1145",-38,30.27999932,"Sat_Bongoyo"
"1146",-37,30.54999932,"Sat_Bongoyo"
"1147",-36,30.32999932,"Sat_Bongoyo"
"1148",-35,29.86999933,"Sat_Bongoyo"
"1149",-34,29.90999933,"Sat_Bongoyo"
"1150",-33,30.13999933,"Sat_Bongoyo"
"1151",-32,30.03999933,"Sat_Bongoyo"
"1152",-31,30.00999933,"Sat_Bongoyo"
"1153",-30,29.81999933,"Sat_Bongoyo"
"1154",-29,30.09999933,"Sat_Bongoyo"
"1155",-28,30.19999932,"Sat_Bongoyo"
"1156",-27,30.35999932,"Sat_Bongoyo"
"1157",-26,29.82999933,"Sat_Bongoyo"
"1158",-25,29.60999934,"Sat_Bongoyo"
"1159",-24,29.60999934,"Sat_Bongoyo"
"1160",-23,29.38999934,"Sat_Bongoyo"
"1161",-22,29.43999934,"Sat_Bongoyo"
"1162",-21,29.22999935,"Sat_Bongoyo"
"1163",-20,29.21999935,"Sat_Bongoyo"
"1164",-19,29.21999935,"Sat_Bongoyo"
"1165",-18,28.94999935,"Sat_Bongoyo"
"1166",-17,28.65999936,"Sat_Bongoyo"
"1167",-16,28.69999936,"Sat_Bongoyo"
"1168",-15,29.04999935,"Sat_Bongoyo"
"1169",-14,28.95999935,"Sat_Bongoyo"
"1170",-13,29.03999935,"Sat_Bongoyo"
"1171",-12,29.11999935,"Sat_Bongoyo"
"1172",-11,29.26999935,"Sat_Bongoyo"
"1173",-10,29.16999935,"Sat_Bongoyo"
"1174",-9,29.28999935,"Sat_Bongoyo"
"1175",-8,29.27999935,"Sat_Bongoyo"
"1176",-7,29.00999935,"Sat_Bongoyo"
"1177",-6,28.92999935,"Sat_Bongoyo"
"1178",-5,29.01999935,"Sat_Bongoyo"
"1179",-4,29.02999935,"Sat_Bongoyo"
"1180",-3,29.02999935,"Sat_Bongoyo"
"1181",-2,29.16999935,"Sat_Bongoyo"
"1182",-1,29.14999935,"Sat_Bongoyo"
"1183",0,NA,"Sat_Bongoyo"
"1184",-90,28.64225,"IN_Bongoyo"
"1185",-89,28.723125,"IN_Bongoyo"
"1186",-88,28.772875,"IN_Bongoyo"
"1187",-87,28.7695,"IN_Bongoyo"
"1188",-86,28.3075,"IN_Bongoyo"
"1189",-85,27.757875,"IN_Bongoyo"
"1190",-84,27.819625,"IN_Bongoyo"
"1191",-83,28.257875,"IN_Bongoyo"
"1192",-82,28.360125,"IN_Bongoyo"
"1193",-81,28.44375,"IN_Bongoyo"
"1194",-80,28.663875,"IN_Bongoyo"
"1195",-79,28.741875,"IN_Bongoyo"
"1196",-78,28.940875,"IN_Bongoyo"
"1197",-77,29.327375,"IN_Bongoyo"
"1198",-76,29.355625,"IN_Bongoyo"
"1199",-75,29.227375,"IN_Bongoyo"
"1200",-74,29.111875,"IN_Bongoyo"
"1201",-73,29.205625,"IN_Bongoyo"
"1202",-72,29.134,"IN_Bongoyo"
"1203",-71,29.1245,"IN_Bongoyo"
"1204",-70,29.193125,"IN_Bongoyo"
"1205",-69,29.14,"IN_Bongoyo"
"1206",-68,29.34625,"IN_Bongoyo"
"1207",-67,29.47125,"IN_Bongoyo"
"1208",-66,29.43675,"IN_Bongoyo"
"1209",-65,29.627375,"IN_Bongoyo"
"1210",-64,29.9475,"IN_Bongoyo"
"1211",-63,29.80275,"IN_Bongoyo"
"1212",-62,29.665125,"IN_Bongoyo"
"1213",-61,29.758875,"IN_Bongoyo"
"1214",-60,30.003625,"IN_Bongoyo"
"1215",-59,30.132625,"IN_Bongoyo"
"1216",-58,30.195375,"IN_Bongoyo"
"1217",-57,29.85275,"IN_Bongoyo"
"1218",-56,29.6995,"IN_Bongoyo"
"1219",-55,29.709,"IN_Bongoyo"
"1220",-54,29.944125,"IN_Bongoyo"
"1221",-53,30.242625,"IN_Bongoyo"
"1222",-52,30.3435,"IN_Bongoyo"
"1223",-51,30.485625,"IN_Bongoyo"
"1224",-50,30.53275,"IN_Bongoyo"
"1225",-49,30.722375,"IN_Bongoyo"
"1226",-48,30.890375,"IN_Bongoyo"
"1227",-47,30.975875,"IN_Bongoyo"
"1228",-46,30.8745,"IN_Bongoyo"
"1229",-45,30.754,"IN_Bongoyo"
"1230",-44,30.62425,"IN_Bongoyo"
"1231",-43,30.640125,"IN_Bongoyo"
"1232",-42,30.54225,"IN_Bongoyo"
"1233",-41,30.38775,"IN_Bongoyo"
"1234",-40,30.3845,"IN_Bongoyo"
"1235",-39,30.371875,"IN_Bongoyo"
"1236",-38,30.403375,"IN_Bongoyo"
"1237",-37,30.514,"IN_Bongoyo"
"1238",-36,30.498,"IN_Bongoyo"
"1239",-35,30.538875,"IN_Bongoyo"
"1240",-34,30.49475,"IN_Bongoyo"
"1241",-33,30.450875,"IN_Bongoyo"
"1242",-32,30.31175,"IN_Bongoyo"
"1243",-31,30.031875,"IN_Bongoyo"
"1244",-30,29.787,"IN_Bongoyo"
"1245",-29,29.733875,"IN_Bongoyo"
"1246",-28,29.9,"IN_Bongoyo"
"1247",-27,30.104125,"IN_Bongoyo"
"1248",-26,30.0725,"IN_Bongoyo"
"1249",-25,29.90625,"IN_Bongoyo"
"1250",-24,29.621125,"IN_Bongoyo"
"1251",-23,29.405375,"IN_Bongoyo"
"1252",-22,29.324125,"IN_Bongoyo"
"1253",-21,29.4025,"IN_Bongoyo"
"1254",-20,29.3555,"IN_Bongoyo"
"1255",-19,28.90675,"IN_Bongoyo"
"1256",-18,28.60825,"IN_Bongoyo"
"1257",-17,28.698125,"IN_Bongoyo"
"1258",-16,28.835,"IN_Bongoyo"
"1259",-15,28.822375,"IN_Bongoyo"
"1260",-14,28.95625,"IN_Bongoyo"
"1261",-13,28.94375,"IN_Bongoyo"
"1262",-12,29.14,"IN_Bongoyo"
"1263",-11,29.346125,"IN_Bongoyo"
"1264",-10,29.461625,"IN_Bongoyo"
"1265",-9,29.36775,"IN_Bongoyo"
"1266",-8,29.2555,"IN_Bongoyo"
"1267",-7,28.881375,"IN_Bongoyo"
"1268",-6,28.53375,"IN_Bongoyo"
"1269",-5,28.462875,"IN_Bongoyo"
"1270",-4,28.77275,"IN_Bongoyo"
"1271",-3,29.040375,"IN_Bongoyo"
"1272",-2,29.2525,"IN_Bongoyo"
"1273",-1,29.499,"IN_Bongoyo"
"1274",0,NA,"IN_Bongoyo"
"1275",-90,28.73999936,"Sat_Changuu"
"1276",-89,28.74999936,"Sat_Changuu"
"1277",-88,28.79999936,"Sat_Changuu"
"1278",-87,28.42999936,"Sat_Changuu"
"1279",-86,28.12999937,"Sat_Changuu"
"1280",-85,28.00999937,"Sat_Changuu"
"1281",-84,28.28999937,"Sat_Changuu"
"1282",-83,28.50999936,"Sat_Changuu"
"1283",-82,28.67999936,"Sat_Changuu"
"1284",-81,28.46999936,"Sat_Changuu"
"1285",-80,28.36999937,"Sat_Changuu"
"1286",-79,28.55999936,"Sat_Changuu"
"1287",-78,28.40999936,"Sat_Changuu"
"1288",-77,28.41999936,"Sat_Changuu"
"1289",-76,28.38999937,"Sat_Changuu"
"1290",-75,28.37999937,"Sat_Changuu"
"1291",-74,28.33999937,"Sat_Changuu"
"1292",-73,28.10999937,"Sat_Changuu"
"1293",-72,28.03999937,"Sat_Changuu"
"1294",-71,27.86999938,"Sat_Changuu"
"1295",-70,27.94999938,"Sat_Changuu"
"1296",-69,27.99999937,"Sat_Changuu"
"1297",-68,27.97999937,"Sat_Changuu"
"1298",-67,27.62999938,"Sat_Changuu"
"1299",-66,27.89999938,"Sat_Changuu"
"1300",-65,27.87999938,"Sat_Changuu"
"1301",-64,28.01999937,"Sat_Changuu"
"1302",-63,28.23999937,"Sat_Changuu"
"1303",-62,28.35999937,"Sat_Changuu"
"1304",-61,28.45999936,"Sat_Changuu"
"1305",-60,28.35999937,"Sat_Changuu"
"1306",-59,28.54999936,"Sat_Changuu"
"1307",-58,29.07999935,"Sat_Changuu"
"1308",-57,28.26999937,"Sat_Changuu"
"1309",-56,28.00999937,"Sat_Changuu"
"1310",-55,27.96999937,"Sat_Changuu"
"1311",-54,28.22999937,"Sat_Changuu"
"1312",-53,28.30999937,"Sat_Changuu"
"1313",-52,28.73999936,"Sat_Changuu"
"1314",-51,28.64999936,"Sat_Changuu"
"1315",-50,28.79999936,"Sat_Changuu"
"1316",-49,28.60999936,"Sat_Changuu"
"1317",-48,28.64999936,"Sat_Changuu"
"1318",-47,28.64999936,"Sat_Changuu"
"1319",-46,28.99999935,"Sat_Changuu"
"1320",-45,28.68999936,"Sat_Changuu"
"1321",-44,28.91999935,"Sat_Changuu"
"1322",-43,28.90999935,"Sat_Changuu"
"1323",-42,28.97999935,"Sat_Changuu"
"1324",-41,29.28999935,"Sat_Changuu"
"1325",-40,28.91999935,"Sat_Changuu"
"1326",-39,28.89999935,"Sat_Changuu"
"1327",-38,28.87999935,"Sat_Changuu"
"1328",-37,28.79999936,"Sat_Changuu"
"1329",-36,29.30999934,"Sat_Changuu"
"1330",-35,29.32999934,"Sat_Changuu"
"1331",-34,29.57999934,"Sat_Changuu"
"1332",-33,29.64999934,"Sat_Changuu"
"1333",-32,29.43999934,"Sat_Changuu"
"1334",-31,29.54999934,"Sat_Changuu"
"1335",-30,29.74999934,"Sat_Changuu"
"1336",-29,30.07999933,"Sat_Changuu"
"1337",-28,29.90999933,"Sat_Changuu"
"1338",-27,30.15999933,"Sat_Changuu"
"1339",-26,30.00999933,"Sat_Changuu"
"1340",-25,30.03999933,"Sat_Changuu"
"1341",-24,30.39999932,"Sat_Changuu"
"1342",-23,30.27999932,"Sat_Changuu"
"1343",-22,30.35999932,"Sat_Changuu"
"1344",-21,30.27999932,"Sat_Changuu"
"1345",-20,30.12999933,"Sat_Changuu"
"1346",-19,29.93999933,"Sat_Changuu"
"1347",-18,30.47999932,"Sat_Changuu"
"1348",-17,30.39999932,"Sat_Changuu"
"1349",-16,29.71999934,"Sat_Changuu"
"1350",-15,29.90999933,"Sat_Changuu"
"1351",-14,30.19999932,"Sat_Changuu"
"1352",-13,30.04999933,"Sat_Changuu"
"1353",-12,29.96999933,"Sat_Changuu"
"1354",-11,29.83999933,"Sat_Changuu"
"1355",-10,30.04999933,"Sat_Changuu"
"1356",-9,30.19999932,"Sat_Changuu"
"1357",-8,30.43999932,"Sat_Changuu"
"1358",-7,29.87999933,"Sat_Changuu"
"1359",-6,29.60999934,"Sat_Changuu"
"1360",-5,29.69999934,"Sat_Changuu"
"1361",-4,29.43999934,"Sat_Changuu"
"1362",-3,29.41999934,"Sat_Changuu"
"1363",-2,29.37999934,"Sat_Changuu"
"1364",-1,29.23999935,"Sat_Changuu"
"1365",0,29.25999935,"Sat_Changuu"
"1366",-90,29.05275,"IN_Changuu"
"1367",-89,28.9935,"IN_Changuu"
"1368",-88,28.9095,"IN_Changuu"
"1369",-87,28.797625,"IN_Changuu"
"1370",-86,28.744625,"IN_Changuu"
"1371",-85,28.59875,"IN_Changuu"
"1372",-84,28.533625,"IN_Changuu"
"1373",-83,28.55525,"IN_Changuu"
"1374",-82,28.570875,"IN_Changuu"
"1375",-81,28.72925,"IN_Changuu"
"1376",-80,28.8535,"IN_Changuu"
"1377",-79,28.987625,"IN_Changuu"
"1378",-78,28.813125,"IN_Changuu"
"1379",-77,28.60525,"IN_Changuu"
"1380",-76,28.66725,"IN_Changuu"
"1381",-75,28.626875,"IN_Changuu"
"1382",-74,28.5025,"IN_Changuu"
"1383",-73,28.3725,"IN_Changuu"
"1384",-72,28.326,"IN_Changuu"
"1385",-71,28.288875,"IN_Changuu"
"1386",-70,28.366125,"IN_Changuu"
"1387",-69,28.419,"IN_Changuu"
"1388",-68,28.387875,"IN_Changuu"
"1389",-67,28.487125,"IN_Changuu"
"1390",-66,28.51825,"IN_Changuu"
"1391",-65,28.53975,"IN_Changuu"
"1392",-64,28.403375,"IN_Changuu"
"1393",-63,28.391,"IN_Changuu"
"1394",-62,28.524375,"IN_Changuu"
"1395",-61,28.620375,"IN_Changuu"
"1396",-60,28.660875,"IN_Changuu"
"1397",-59,28.723125,"IN_Changuu"
"1398",-58,28.807,"IN_Changuu"
"1399",-57,28.82875,"IN_Changuu"
"1400",-56,28.7045,"IN_Changuu"
"1401",-55,28.425125,"IN_Changuu"
"1402",-54,28.347625,"IN_Changuu"
"1403",-53,28.41275,"IN_Changuu"
"1404",-52,28.47175,"IN_Changuu"
"1405",-51,28.5955,"IN_Changuu"
"1406",-50,28.853625,"IN_Changuu"
"1407",-49,29.17125,"IN_Changuu"
"1408",-48,29.037375,"IN_Changuu"
"1409",-47,28.862625,"IN_Changuu"
"1410",-46,28.816375,"IN_Changuu"
"1411",-45,29.14,"IN_Changuu"
"1412",-44,29.243125,"IN_Changuu"
"1413",-43,29.33675,"IN_Changuu"
"1414",-42,29.4525,"IN_Changuu"
"1415",-41,29.5115,"IN_Changuu"
"1416",-40,29.1995,"IN_Changuu"
"1417",-39,29.218125,"IN_Changuu"
"1418",-38,29.155625,"IN_Changuu"
"1419",-37,29.055625,"IN_Changuu"
"1420",-36,29.183625,"IN_Changuu"
"1421",-35,29.411875,"IN_Changuu"
"1422",-34,29.531,"IN_Changuu"
"1423",-33,29.90325,"IN_Changuu"
"1424",-32,30.054,"IN_Changuu"
"1425",-31,30.19875,"IN_Changuu"
"1426",-30,30.347,"IN_Changuu"
"1427",-29,30.558875,"IN_Changuu"
"1428",-28,30.776375,"IN_Changuu"
"1429",-27,30.83325,"IN_Changuu"
"1430",-26,30.8205,"IN_Changuu"
"1431",-25,30.918625,"IN_Changuu"
"1432",-24,30.716125,"IN_Changuu"
"1433",-23,30.659125,"IN_Changuu"
"1434",-22,30.690875,"IN_Changuu"
"1435",-21,30.598875,"IN_Changuu"
"1436",-20,30.52325,"IN_Changuu"
"1437",-19,30.558125,"IN_Changuu"
"1438",-18,30.67825,"IN_Changuu"
"1439",-17,30.81725,"IN_Changuu"
"1440",-16,30.70025,"IN_Changuu"
"1441",-15,30.776,"IN_Changuu"
"1442",-14,30.7255,"IN_Changuu"
"1443",-13,30.438125,"IN_Changuu"
"1444",-12,30.27425,"IN_Changuu"
"1445",-11,30.013,"IN_Changuu"
"1446",-10,29.9125,"IN_Changuu"
"1447",-9,29.9375,"IN_Changuu"
"1448",-8,29.991125,"IN_Changuu"
"1449",-7,30.0255,"IN_Changuu"
"1450",-6,29.931125,"IN_Changuu"
"1451",-5,29.574375,"IN_Changuu"
"1452",-4,29.62425,"IN_Changuu"
"1453",-3,29.508375,"IN_Changuu"
"1454",-2,29.374375,"IN_Changuu"
"1455",-1,29.161875,"IN_Changuu"
"1456",0,28.984,"IN_Changuu"
"1457",-90,28.53999936,"Sat_Chumbe"
"1458",-89,28.51999936,"Sat_Chumbe"
"1459",-88,28.21999937,"Sat_Chumbe"
"1460",-87,28.15999937,"Sat_Chumbe"
"1461",-86,27.94999938,"Sat_Chumbe"
"1462",-85,28.09999937,"Sat_Chumbe"
"1463",-84,28.05999937,"Sat_Chumbe"
"1464",-83,28.11999937,"Sat_Chumbe"
"1465",-82,27.77999938,"Sat_Chumbe"
"1466",-81,28.01999937,"Sat_Chumbe"
"1467",-80,27.95999938,"Sat_Chumbe"
"1468",-79,28.11999937,"Sat_Chumbe"
"1469",-78,28.31999937,"Sat_Chumbe"
"1470",-77,28.39999937,"Sat_Chumbe"
"1471",-76,28.45999936,"Sat_Chumbe"
"1472",-75,28.39999937,"Sat_Chumbe"
"1473",-74,28.61999936,"Sat_Chumbe"
"1474",-73,28.99999935,"Sat_Chumbe"
"1475",-72,28.51999936,"Sat_Chumbe"
"1476",-71,28.30999937,"Sat_Chumbe"
"1477",-70,27.98999937,"Sat_Chumbe"
"1478",-69,28.27999937,"Sat_Chumbe"
"1479",-68,28.38999937,"Sat_Chumbe"
"1480",-67,28.81999936,"Sat_Chumbe"
"1481",-66,28.76999936,"Sat_Chumbe"
"1482",-65,28.88999935,"Sat_Chumbe"
"1483",-64,28.78999936,"Sat_Chumbe"
"1484",-63,28.85999935,"Sat_Chumbe"
"1485",-62,28.98999935,"Sat_Chumbe"
"1486",-61,29.05999935,"Sat_Chumbe"
"1487",-60,29.00999935,"Sat_Chumbe"
"1488",-59,29.18999935,"Sat_Chumbe"
"1489",-58,29.01999935,"Sat_Chumbe"
"1490",-57,29.04999935,"Sat_Chumbe"
"1491",-56,29.29999935,"Sat_Chumbe"
"1492",-55,29.03999935,"Sat_Chumbe"
"1493",-54,29.08999935,"Sat_Chumbe"
"1494",-53,29.01999935,"Sat_Chumbe"
"1495",-52,28.94999935,"Sat_Chumbe"
"1496",-51,29.23999935,"Sat_Chumbe"
"1497",-50,29.39999934,"Sat_Chumbe"
"1498",-49,29.71999934,"Sat_Chumbe"
"1499",-48,29.64999934,"Sat_Chumbe"
"1500",-47,29.61999934,"Sat_Chumbe"
"1501",-46,29.68999934,"Sat_Chumbe"
"1502",-45,29.88999933,"Sat_Chumbe"
"1503",-44,30.09999933,"Sat_Chumbe"
"1504",-43,30.00999933,"Sat_Chumbe"
"1505",-42,30.18999933,"Sat_Chumbe"
"1506",-41,29.98999933,"Sat_Chumbe"
"1507",-40,29.89999933,"Sat_Chumbe"
"1508",-39,30.23999932,"Sat_Chumbe"
"1509",-38,30.19999932,"Sat_Chumbe"
"1510",-37,30.28999932,"Sat_Chumbe"
"1511",-36,30.28999932,"Sat_Chumbe"
"1512",-35,30.15999933,"Sat_Chumbe"
"1513",-34,30.16999933,"Sat_Chumbe"
"1514",-33,30.63999932,"Sat_Chumbe"
"1515",-32,30.57999932,"Sat_Chumbe"
"1516",-31,29.94999933,"Sat_Chumbe"
"1517",-30,30.08999933,"Sat_Chumbe"
"1518",-29,30.29999932,"Sat_Chumbe"
"1519",-28,30.12999933,"Sat_Chumbe"
"1520",-27,30.01999933,"Sat_Chumbe"
"1521",-26,29.84999933,"Sat_Chumbe"
"1522",-25,30.15999933,"Sat_Chumbe"
"1523",-24,30.31999932,"Sat_Chumbe"
"1524",-23,NA,"Sat_Chumbe"
"1525",-22,NA,"Sat_Chumbe"
"1526",-21,NA,"Sat_Chumbe"
"1527",-20,NA,"Sat_Chumbe"
"1528",-19,NA,"Sat_Chumbe"
"1529",-18,NA,"Sat_Chumbe"
"1530",-17,NA,"Sat_Chumbe"
"1531",-16,NA,"Sat_Chumbe"
"1532",-15,NA,"Sat_Chumbe"
"1533",-14,NA,"Sat_Chumbe"
"1534",-13,NA,"Sat_Chumbe"
"1535",-12,NA,"Sat_Chumbe"
"1536",-11,NA,"Sat_Chumbe"
"1537",-10,NA,"Sat_Chumbe"
"1538",-9,NA,"Sat_Chumbe"
"1539",-8,NA,"Sat_Chumbe"
"1540",-7,NA,"Sat_Chumbe"
"1541",-6,NA,"Sat_Chumbe"
"1542",-5,NA,"Sat_Chumbe"
"1543",-4,NA,"Sat_Chumbe"
"1544",-3,NA,"Sat_Chumbe"
"1545",-2,NA,"Sat_Chumbe"
"1546",-1,NA,"Sat_Chumbe"
"1547",0,NA,"Sat_Chumbe"
"1548",-90,28.41166667,"IN_Chumbe"
"1549",-89,28.29833333,"IN_Chumbe"
"1550",-88,28.30541667,"IN_Chumbe"
"1551",-87,28.15666667,"IN_Chumbe"
"1552",-86,28.100625,"IN_Chumbe"
"1553",-85,28.10708333,"IN_Chumbe"
"1554",-84,28.09291667,"IN_Chumbe"
"1555",-83,27.95895833,"IN_Chumbe"
"1556",-82,28.024375,"IN_Chumbe"
"1557",-81,27.92333333,"IN_Chumbe"
"1558",-80,27.98916667,"IN_Chumbe"
"1559",-79,27.80708333,"IN_Chumbe"
"1560",-78,27.89854167,"IN_Chumbe"
"1561",-77,27.98229167,"IN_Chumbe"
"1562",-76,28.059375,"IN_Chumbe"
"1563",-75,28.101875,"IN_Chumbe"
"1564",-74,28.27833333,"IN_Chumbe"
"1565",-73,28.55333333,"IN_Chumbe"
"1566",-72,28.55333333,"IN_Chumbe"
"1567",-71,28.3975,"IN_Chumbe"
"1568",-70,28.24166667,"IN_Chumbe"
"1569",-69,28.13541667,"IN_Chumbe"
"1570",-68,28.10041667,"IN_Chumbe"
"1571",-67,28.32666667,"IN_Chumbe"
"1572",-66,28.39041667,"IN_Chumbe"
"1573",-65,28.525,"IN_Chumbe"
"1574",-64,28.59583333,"IN_Chumbe"
"1575",-63,28.66666667,"IN_Chumbe"
"1576",-62,28.61,"IN_Chumbe"
"1577",-61,28.66666667,"IN_Chumbe"
"1578",-60,28.83104167,"IN_Chumbe"
"1579",-59,28.695,"IN_Chumbe"
"1580",-58,28.75875,"IN_Chumbe"
"1581",-57,28.94291667,"IN_Chumbe"
"1582",-56,29.15541667,"IN_Chumbe"
"1583",-55,28.92875,"IN_Chumbe"
"1584",-54,28.82958333,"IN_Chumbe"
"1585",-53,28.57458333,"IN_Chumbe"
"1586",-52,28.68791667,"IN_Chumbe"
"1587",-51,28.85083333,"IN_Chumbe"
"1588",-50,29.12083333,"IN_Chumbe"
"1589",-49,29.42125,"IN_Chumbe"
"1590",-48,29.411875,"IN_Chumbe"
"1591",-47,29.58458333,"IN_Chumbe"
"1592",-46,29.785625,"IN_Chumbe"
"1593",-45,29.95083333,"IN_Chumbe"
"1594",-44,29.92166667,"IN_Chumbe"
"1595",-43,29.81229167,"IN_Chumbe"
"1596",-42,30.13333333,"IN_Chumbe"
"1597",-41,30.19145833,"IN_Chumbe"
"1598",-40,30.11125,"IN_Chumbe"
"1599",-39,30.03104167,"IN_Chumbe"
"1600",-38,29.75416667,"IN_Chumbe"
"1601",-37,29.96583333,"IN_Chumbe"
"1602",-36,30.07479167,"IN_Chumbe"
"1603",-35,30.00916667,"IN_Chumbe"
"1604",-34,30.20625,"IN_Chumbe"
"1605",-33,30.28645833,"IN_Chumbe"
"1606",-32,30.38104167,"IN_Chumbe"
"1607",-31,30.41020833,"IN_Chumbe"
"1608",-30,30.33729167,"IN_Chumbe"
"1609",-29,30.33,"IN_Chumbe"
"1610",-28,30.09666667,"IN_Chumbe"
"1611",-27,30.07520833,"IN_Chumbe"
"1612",-26,29.7325,"IN_Chumbe"
"1613",-25,29.58104167,"IN_Chumbe"
"1614",-24,29.61515152,"IN_Chumbe"
"1615",-23,NA,"IN_Chumbe"
"1616",-22,NA,"IN_Chumbe"
"1617",-21,NA,"IN_Chumbe"
"1618",-20,NA,"IN_Chumbe"
"1619",-19,NA,"IN_Chumbe"
"1620",-18,NA,"IN_Chumbe"
"1621",-17,NA,"IN_Chumbe"
"1622",-16,NA,"IN_Chumbe"
"1623",-15,NA,"IN_Chumbe"
"1624",-14,NA,"IN_Chumbe"
"1625",-13,NA,"IN_Chumbe"
"1626",-12,NA,"IN_Chumbe"
"1627",-11,NA,"IN_Chumbe"
"1628",-10,NA,"IN_Chumbe"
"1629",-9,NA,"IN_Chumbe"
"1630",-8,NA,"IN_Chumbe"
"1631",-7,NA,"IN_Chumbe"
"1632",-6,NA,"IN_Chumbe"
"1633",-5,NA,"IN_Chumbe"
"1634",-4,NA,"IN_Chumbe"
"1635",-3,NA,"IN_Chumbe"
"1636",-2,NA,"IN_Chumbe"
"1637",-1,NA,"IN_Chumbe"
"1638",0,NA,"IN_Chumbe"
"1639",-90,28.41999936,"Sat_Mbudya"
"1640",-89,28.29999937,"Sat_Mbudya"
"1641",-88,28.12999937,"Sat_Mbudya"
"1642",-87,28.27999937,"Sat_Mbudya"
"1643",-86,28.27999937,"Sat_Mbudya"
"1644",-85,28.30999937,"Sat_Mbudya"
"1645",-84,28.14999937,"Sat_Mbudya"
"1646",-83,28.29999937,"Sat_Mbudya"
"1647",-82,28.19999937,"Sat_Mbudya"
"1648",-81,28.35999937,"Sat_Mbudya"
"1649",-80,28.35999937,"Sat_Mbudya"
"1650",-79,28.55999936,"Sat_Mbudya"
"1651",-78,28.46999936,"Sat_Mbudya"
"1652",-77,28.52999936,"Sat_Mbudya"
"1653",-76,28.74999936,"Sat_Mbudya"
"1654",-75,29.03999935,"Sat_Mbudya"
"1655",-74,28.72999936,"Sat_Mbudya"
"1656",-73,28.56999936,"Sat_Mbudya"
"1657",-72,28.32999937,"Sat_Mbudya"
"1658",-71,28.45999936,"Sat_Mbudya"
"1659",-70,28.64999936,"Sat_Mbudya"
"1660",-69,28.96999935,"Sat_Mbudya"
"1661",-68,29.12999935,"Sat_Mbudya"
"1662",-67,28.95999935,"Sat_Mbudya"
"1663",-66,28.85999935,"Sat_Mbudya"
"1664",-65,28.93999935,"Sat_Mbudya"
"1665",-64,29.24999935,"Sat_Mbudya"
"1666",-63,29.40999934,"Sat_Mbudya"
"1667",-62,29.26999935,"Sat_Mbudya"
"1668",-61,29.13999935,"Sat_Mbudya"
"1669",-60,29.02999935,"Sat_Mbudya"
"1670",-59,29.21999935,"Sat_Mbudya"
"1671",-58,29.36999934,"Sat_Mbudya"
"1672",-57,29.37999934,"Sat_Mbudya"
"1673",-56,29.37999934,"Sat_Mbudya"
"1674",-55,29.01999935,"Sat_Mbudya"
"1675",-54,29.01999935,"Sat_Mbudya"
"1676",-53,29.45999934,"Sat_Mbudya"
"1677",-52,29.52999934,"Sat_Mbudya"
"1678",-51,29.52999934,"Sat_Mbudya"
"1679",-50,29.64999934,"Sat_Mbudya"
"1680",-49,29.97999933,"Sat_Mbudya"
"1681",-48,29.90999933,"Sat_Mbudya"
"1682",-47,29.79999933,"Sat_Mbudya"
"1683",-46,29.92999933,"Sat_Mbudya"
"1684",-45,30.08999933,"Sat_Mbudya"
"1685",-44,30.22999932,"Sat_Mbudya"
"1686",-43,29.86999933,"Sat_Mbudya"
"1687",-42,29.78999933,"Sat_Mbudya"
"1688",-41,30.06999933,"Sat_Mbudya"
"1689",-40,30.04999933,"Sat_Mbudya"
"1690",-39,29.95999933,"Sat_Mbudya"
"1691",-38,30.09999933,"Sat_Mbudya"
"1692",-37,30.19999932,"Sat_Mbudya"
"1693",-36,30.31999932,"Sat_Mbudya"
"1694",-35,30.54999932,"Sat_Mbudya"
"1695",-34,30.33999932,"Sat_Mbudya"
"1696",-33,29.86999933,"Sat_Mbudya"
"1697",-32,29.92999933,"Sat_Mbudya"
"1698",-31,30.16999933,"Sat_Mbudya"
"1699",-30,30.05999933,"Sat_Mbudya"
"1700",-29,30.01999933,"Sat_Mbudya"
"1701",-28,29.81999933,"Sat_Mbudya"
"1702",-27,30.06999933,"Sat_Mbudya"
"1703",-26,30.16999933,"Sat_Mbudya"
"1704",-25,30.33999932,"Sat_Mbudya"
"1705",-24,29.82999933,"Sat_Mbudya"
"1706",-23,29.59999934,"Sat_Mbudya"
"1707",-22,29.60999934,"Sat_Mbudya"
"1708",-21,29.37999934,"Sat_Mbudya"
"1709",-20,29.42999934,"Sat_Mbudya"
"1710",-19,29.23999935,"Sat_Mbudya"
"1711",-18,29.22999935,"Sat_Mbudya"
"1712",-17,29.23999935,"Sat_Mbudya"
"1713",-16,28.95999935,"Sat_Mbudya"
"1714",-15,28.66999936,"Sat_Mbudya"
"1715",-14,28.69999936,"Sat_Mbudya"
"1716",-13,29.02999935,"Sat_Mbudya"
"1717",-12,28.93999935,"Sat_Mbudya"
"1718",-11,29.01999935,"Sat_Mbudya"
"1719",-10,29.05999935,"Sat_Mbudya"
"1720",-9,29.20999935,"Sat_Mbudya"
"1721",-8,29.13999935,"Sat_Mbudya"
"1722",-7,29.26999935,"Sat_Mbudya"
"1723",-6,29.26999935,"Sat_Mbudya"
"1724",-5,29.01999935,"Sat_Mbudya"
"1725",-4,28.92999935,"Sat_Mbudya"
"1726",-3,29.00999935,"Sat_Mbudya"
"1727",-2,29.00999935,"Sat_Mbudya"
"1728",-1,29.02999935,"Sat_Mbudya"
"1729",0,29.16999935,"Sat_Mbudya"
"1730",-90,28.605,"IN_Mbudya"
"1731",-89,28.676625,"IN_Mbudya"
"1732",-88,28.726375,"IN_Mbudya"
"1733",-87,28.664,"IN_Mbudya"
"1734",-86,28.769625,"IN_Mbudya"
"1735",-85,28.6145,"IN_Mbudya"
"1736",-84,28.171625,"IN_Mbudya"
"1737",-83,27.708625,"IN_Mbudya"
"1738",-82,27.681,"IN_Mbudya"
"1739",-81,28.097125,"IN_Mbudya"
"1740",-80,28.20875,"IN_Mbudya"
"1741",-79,28.453,"IN_Mbudya"
"1742",-78,28.617375,"IN_Mbudya"
"1743",-77,28.6705,"IN_Mbudya"
"1744",-76,28.93525,"IN_Mbudya"
"1745",-75,29.09675,"IN_Mbudya"
"1746",-74,29.317875,"IN_Mbudya"
"1747",-73,29.35875,"IN_Mbudya"
"1748",-72,29.158875,"IN_Mbudya"
"1749",-71,29.055875,"IN_Mbudya"
"1750",-70,28.928125,"IN_Mbudya"
"1751",-69,28.75775,"IN_Mbudya"
"1752",-68,28.900875,"IN_Mbudya"
"1753",-67,29.041,"IN_Mbudya"
"1754",-66,29.05025,"IN_Mbudya"
"1755",-65,29.252625,"IN_Mbudya"
"1756",-64,29.233875,"IN_Mbudya"
"1757",-63,29.412375,"IN_Mbudya"
"1758",-62,29.556375,"IN_Mbudya"
"1759",-61,29.455625,"IN_Mbudya"
"1760",-60,29.565,"IN_Mbudya"
"1761",-59,29.668125,"IN_Mbudya"
"1762",-58,29.71825,"IN_Mbudya"
"1763",-57,29.6995,"IN_Mbudya"
"1764",-56,29.853,"IN_Mbudya"
"1765",-55,29.783875,"IN_Mbudya"
"1766",-54,29.58675,"IN_Mbudya"
"1767",-53,29.65875,"IN_Mbudya"
"1768",-52,29.837625,"IN_Mbudya"
"1769",-51,30.152125,"IN_Mbudya"
"1770",-50,30.25525,"IN_Mbudya"
"1771",-49,30.375375,"IN_Mbudya"
"1772",-48,30.492125,"IN_Mbudya"
"1773",-47,30.60575,"IN_Mbudya"
"1774",-46,30.517125,"IN_Mbudya"
"1775",-45,30.46075,"IN_Mbudya"
"1776",-44,30.287375,"IN_Mbudya"
"1777",-43,30.2465,"IN_Mbudya"
"1778",-42,30.296375,"IN_Mbudya"
"1779",-41,30.359375,"IN_Mbudya"
"1780",-40,30.274,"IN_Mbudya"
"1781",-39,30.27125,"IN_Mbudya"
"1782",-38,30.243125,"IN_Mbudya"
"1783",-37,30.416375,"IN_Mbudya"
"1784",-36,30.492,"IN_Mbudya"
"1785",-35,30.4195,"IN_Mbudya"
"1786",-34,30.476375,"IN_Mbudya"
"1787",-33,30.479375,"IN_Mbudya"
"1788",-32,30.438375,"IN_Mbudya"
"1789",-31,30.387875,"IN_Mbudya"
"1790",-30,30.220625,"IN_Mbudya"
"1791",-29,29.8625,"IN_Mbudya"
"1792",-28,29.664875,"IN_Mbudya"
"1793",-27,29.62125,"IN_Mbudya"
"1794",-26,29.743375,"IN_Mbudya"
"1795",-25,29.959625,"IN_Mbudya"
"1796",-24,30.000375,"IN_Mbudya"
"1797",-23,29.853125,"IN_Mbudya"
"1798",-22,29.596,"IN_Mbudya"
"1799",-21,29.243125,"IN_Mbudya"
"1800",-20,29.2305,"IN_Mbudya"
"1801",-19,29.367875,"IN_Mbudya"
"1802",-18,29.271,"IN_Mbudya"
"1803",-17,28.85975,"IN_Mbudya"
"1804",-16,28.695125,"IN_Mbudya"
"1805",-15,28.692,"IN_Mbudya"
"1806",-14,28.744625,"IN_Mbudya"
"1807",-13,28.88475,"IN_Mbudya"
"1808",-12,28.97175,"IN_Mbudya"
"1809",-11,28.9875,"IN_Mbudya"
"1810",-10,28.984375,"IN_Mbudya"
"1811",-9,29.090125,"IN_Mbudya"
"1812",-8,29.239875,"IN_Mbudya"
"1813",-7,29.317875,"IN_Mbudya"
"1814",-6,29.2305,"IN_Mbudya"
"1815",-5,28.853625,"IN_Mbudya"
"1816",-4,28.68275,"IN_Mbudya"
"1817",-3,28.944125,"IN_Mbudya"
"1818",-2,28.99975,"IN_Mbudya"
"1819",-1,29.105875,"IN_Mbudya"
"1820",0,29.24925,"IN_Mbudya"
"1821",-90,27.89999938,"Sat_Planch_Alinz"
"1822",-89,28.02999937,"Sat_Planch_Alinz"
"1823",-88,28.15999937,"Sat_Planch_Alinz"
"1824",-87,28.65999936,"Sat_Planch_Alinz"
"1825",-86,28.77999936,"Sat_Planch_Alinz"
"1826",-85,28.92999935,"Sat_Planch_Alinz"
"1827",-84,28.89999935,"Sat_Planch_Alinz"
"1828",-83,28.80999936,"Sat_Planch_Alinz"
"1829",-82,28.90999935,"Sat_Planch_Alinz"
"1830",-81,28.72999936,"Sat_Planch_Alinz"
"1831",-80,28.88999935,"Sat_Planch_Alinz"
"1832",-79,28.36999937,"Sat_Planch_Alinz"
"1833",-78,28.12999937,"Sat_Planch_Alinz"
"1834",-77,28.08999937,"Sat_Planch_Alinz"
"1835",-76,28.04999937,"Sat_Planch_Alinz"
"1836",-75,28.16999937,"Sat_Planch_Alinz"
"1837",-74,28.19999937,"Sat_Planch_Alinz"
"1838",-73,28.14999937,"Sat_Planch_Alinz"
"1839",-72,28.09999937,"Sat_Planch_Alinz"
"1840",-71,27.77999938,"Sat_Planch_Alinz"
"1841",-70,27.71999938,"Sat_Planch_Alinz"
"1842",-69,27.33999939,"Sat_Planch_Alinz"
"1843",-68,27.53999938,"Sat_Planch_Alinz"
"1844",-67,27.57999938,"Sat_Planch_Alinz"
"1845",-66,27.85999938,"Sat_Planch_Alinz"
"1846",-65,27.64999938,"Sat_Planch_Alinz"
"1847",-64,27.42999939,"Sat_Planch_Alinz"
"1848",-63,27.70999938,"Sat_Planch_Alinz"
"1849",-62,28.21999937,"Sat_Planch_Alinz"
"1850",-61,28.47999936,"Sat_Planch_Alinz"
"1851",-60,28.28999937,"Sat_Planch_Alinz"
"1852",-59,28.25999937,"Sat_Planch_Alinz"
"1853",-58,28.10999937,"Sat_Planch_Alinz"
"1854",-57,28.28999937,"Sat_Planch_Alinz"
"1855",-56,28.24999937,"Sat_Planch_Alinz"
"1856",-55,28.15999937,"Sat_Planch_Alinz"
"1857",-54,28.19999937,"Sat_Planch_Alinz"
"1858",-53,28.60999936,"Sat_Planch_Alinz"
"1859",-52,28.47999936,"Sat_Planch_Alinz"
"1860",-51,28.67999936,"Sat_Planch_Alinz"
"1861",-50,28.72999936,"Sat_Planch_Alinz"
"1862",-49,28.72999936,"Sat_Planch_Alinz"
"1863",-48,28.74999936,"Sat_Planch_Alinz"
"1864",-47,28.75999936,"Sat_Planch_Alinz"
"1865",-46,28.86999935,"Sat_Planch_Alinz"
"1866",-45,28.70999936,"Sat_Planch_Alinz"
"1867",-44,28.73999936,"Sat_Planch_Alinz"
"1868",-43,28.43999936,"Sat_Planch_Alinz"
"1869",-42,28.38999937,"Sat_Planch_Alinz"
"1870",-41,28.45999936,"Sat_Planch_Alinz"
"1871",-40,28.38999937,"Sat_Planch_Alinz"
"1872",-39,28.55999936,"Sat_Planch_Alinz"
"1873",-38,28.37999937,"Sat_Planch_Alinz"
"1874",-37,28.18999937,"Sat_Planch_Alinz"
"1875",-36,28.34999937,"Sat_Planch_Alinz"
"1876",-35,27.99999937,"Sat_Planch_Alinz"
"1877",-34,27.97999937,"Sat_Planch_Alinz"
"1878",-33,27.95999938,"Sat_Planch_Alinz"
"1879",-32,28.07999937,"Sat_Planch_Alinz"
"1880",-31,28.88999935,"Sat_Planch_Alinz"
"1881",-30,28.82999936,"Sat_Planch_Alinz"
"1882",-29,28.83999936,"Sat_Planch_Alinz"
"1883",-28,28.81999936,"Sat_Planch_Alinz"
"1884",-27,28.92999935,"Sat_Planch_Alinz"
"1885",-26,28.99999935,"Sat_Planch_Alinz"
"1886",-25,28.76999936,"Sat_Planch_Alinz"
"1887",-24,28.68999936,"Sat_Planch_Alinz"
"1888",-23,28.64999936,"Sat_Planch_Alinz"
"1889",-22,29.05999935,"Sat_Planch_Alinz"
"1890",-21,29.14999935,"Sat_Planch_Alinz"
"1891",-20,29.38999934,"Sat_Planch_Alinz"
"1892",-19,29.49999934,"Sat_Planch_Alinz"
"1893",-18,29.28999935,"Sat_Planch_Alinz"
"1894",-17,29.36999934,"Sat_Planch_Alinz"
"1895",-16,29.06999935,"Sat_Planch_Alinz"
"1896",-15,28.92999935,"Sat_Planch_Alinz"
"1897",-14,28.98999935,"Sat_Planch_Alinz"
"1898",-13,29.20999935,"Sat_Planch_Alinz"
"1899",-12,29.29999935,"Sat_Planch_Alinz"
"1900",-11,29.46999934,"Sat_Planch_Alinz"
"1901",-10,29.11999935,"Sat_Planch_Alinz"
"1902",-9,29.43999934,"Sat_Planch_Alinz"
"1903",-8,29.43999934,"Sat_Planch_Alinz"
"1904",-7,29.30999934,"Sat_Planch_Alinz"
"1905",-6,28.99999935,"Sat_Planch_Alinz"
"1906",-5,28.76999936,"Sat_Planch_Alinz"
"1907",-4,28.51999936,"Sat_Planch_Alinz"
"1908",-3,28.53999936,"Sat_Planch_Alinz"
"1909",-2,28.95999935,"Sat_Planch_Alinz"
"1910",-1,28.83999936,"Sat_Planch_Alinz"
"1911",0,28.58999936,"Sat_Planch_Alinz"
"1912",-90,28.51316667,"IN_Planch_Alinz"
"1913",-89,28.67354167,"IN_Planch_Alinz"
"1914",-88,28.57191667,"IN_Planch_Alinz"
"1915",-87,29.03745833,"IN_Planch_Alinz"
"1916",-86,29.896,"IN_Planch_Alinz"
"1917",-85,28.94691667,"IN_Planch_Alinz"
"1918",-84,29.337875,"IN_Planch_Alinz"
"1919",-83,29.09683333,"IN_Planch_Alinz"
"1920",-82,29.47775,"IN_Planch_Alinz"
"1921",-81,29.41270833,"IN_Planch_Alinz"
"1922",-80,29.01570833,"IN_Planch_Alinz"
"1923",-79,28.94054167,"IN_Planch_Alinz"
"1924",-78,28.71954167,"IN_Planch_Alinz"
"1925",-77,28.95054167,"IN_Planch_Alinz"
"1926",-76,28.94920833,"IN_Planch_Alinz"
"1927",-75,29.29704167,"IN_Planch_Alinz"
"1928",-74,27.71358333,"IN_Planch_Alinz"
"1929",-73,27.06620833,"IN_Planch_Alinz"
"1930",-72,27.25870833,"IN_Planch_Alinz"
"1931",-71,28.31129167,"IN_Planch_Alinz"
"1932",-70,28.236625,"IN_Planch_Alinz"
"1933",-69,27.639125,"IN_Planch_Alinz"
"1934",-68,27.3935,"IN_Planch_Alinz"
"1935",-67,27.76316667,"IN_Planch_Alinz"
"1936",-66,28.36145833,"IN_Planch_Alinz"
"1937",-65,28.497,"IN_Planch_Alinz"
"1938",-64,28.89220833,"IN_Planch_Alinz"
"1939",-63,28.70566667,"IN_Planch_Alinz"
"1940",-62,29.63645833,"IN_Planch_Alinz"
"1941",-61,29.66325,"IN_Planch_Alinz"
"1942",-60,29.83729167,"IN_Planch_Alinz"
"1943",-59,28.951125,"IN_Planch_Alinz"
"1944",-58,29.43570833,"IN_Planch_Alinz"
"1945",-57,28.69125,"IN_Planch_Alinz"
"1946",-56,28.54208333,"IN_Planch_Alinz"
"1947",-55,29.0145,"IN_Planch_Alinz"
"1948",-54,28.66541667,"IN_Planch_Alinz"
"1949",-53,28.791375,"IN_Planch_Alinz"
"1950",-52,29.04995833,"IN_Planch_Alinz"
"1951",-51,29.50933333,"IN_Planch_Alinz"
"1952",-50,29.258875,"IN_Planch_Alinz"
"1953",-49,28.791375,"IN_Planch_Alinz"
"1954",-48,28.90766667,"IN_Planch_Alinz"
"1955",-47,29.35766667,"IN_Planch_Alinz"
"1956",-46,29.83408333,"IN_Planch_Alinz"
"1957",-45,30.080375,"IN_Planch_Alinz"
"1958",-44,29.247125,"IN_Planch_Alinz"
"1959",-43,28.46054167,"IN_Planch_Alinz"
"1960",-42,28.80104167,"IN_Planch_Alinz"
"1961",-41,29.48379167,"IN_Planch_Alinz"
"1962",-40,28.84883333,"IN_Planch_Alinz"
"1963",-39,29.41304167,"IN_Planch_Alinz"
"1964",-38,29.27966667,"IN_Planch_Alinz"
"1965",-37,28.431,"IN_Planch_Alinz"
"1966",-36,28.87895833,"IN_Planch_Alinz"
"1967",-35,29.26458333,"IN_Planch_Alinz"
"1968",-34,29.53558333,"IN_Planch_Alinz"
"1969",-33,29.586375,"IN_Planch_Alinz"
"1970",-32,28.526125,"IN_Planch_Alinz"
"1971",-31,28.848,"IN_Planch_Alinz"
"1972",-30,29.93658333,"IN_Planch_Alinz"
"1973",-29,29.26720833,"IN_Planch_Alinz"
"1974",-28,29.96591667,"IN_Planch_Alinz"
"1975",-27,29.96608333,"IN_Planch_Alinz"
"1976",-26,29.61329167,"IN_Planch_Alinz"
"1977",-25,29.23170833,"IN_Planch_Alinz"
"1978",-24,29.50483333,"IN_Planch_Alinz"
"1979",-23,29.61395833,"IN_Planch_Alinz"
"1980",-22,30.592625,"IN_Planch_Alinz"
"1981",-21,30.391125,"IN_Planch_Alinz"
"1982",-20,30.38583333,"IN_Planch_Alinz"
"1983",-19,30.53166667,"IN_Planch_Alinz"
"1984",-18,30.18133333,"IN_Planch_Alinz"
"1985",-17,28.92883333,"IN_Planch_Alinz"
"1986",-16,29.14670833,"IN_Planch_Alinz"
"1987",-15,28.417125,"IN_Planch_Alinz"
"1988",-14,29.02033333,"IN_Planch_Alinz"
"1989",-13,30.10908333,"IN_Planch_Alinz"
"1990",-12,30.29641667,"IN_Planch_Alinz"
"1991",-11,29.90775,"IN_Planch_Alinz"
"1992",-10,30.41345833,"IN_Planch_Alinz"
"1993",-9,30.71316667,"IN_Planch_Alinz"
"1994",-8,30.749625,"IN_Planch_Alinz"
"1995",-7,29.90045833,"IN_Planch_Alinz"
"1996",-6,29.91016667,"IN_Planch_Alinz"
"1997",-5,28.90058333,"IN_Planch_Alinz"
"1998",-4,29.35820833,"IN_Planch_Alinz"
"1999",-3,29.25329167,"IN_Planch_Alinz"
"2000",-2,29.40045833,"IN_Planch_Alinz"
"2001",-1,29.26,"IN_Planch_Alinz"
"2002",0,29.55645833,"IN_Planch_Alinz"
"2003",-90,28.7,"Sat_Potato_Patch"
"2004",-89,28.75,"Sat_Potato_Patch"
"2005",-88,29.06,"Sat_Potato_Patch"
"2006",-87,28.1,"Sat_Potato_Patch"
"2007",-86,29,"Sat_Potato_Patch"
"2008",-85,28.67,"Sat_Potato_Patch"
"2009",-84,28.67,"Sat_Potato_Patch"
"2010",-83,28.85,"Sat_Potato_Patch"
"2011",-82,28.22,"Sat_Potato_Patch"
"2012",-81,28.36,"Sat_Potato_Patch"
"2013",-80,28.14,"Sat_Potato_Patch"
"2014",-79,28.25,"Sat_Potato_Patch"
"2015",-78,28.39,"Sat_Potato_Patch"
"2016",-77,28.47,"Sat_Potato_Patch"
"2017",-76,28.9,"Sat_Potato_Patch"
"2018",-75,28.81,"Sat_Potato_Patch"
"2019",-74,29.12,"Sat_Potato_Patch"
"2020",-73,29.04,"Sat_Potato_Patch"
"2021",-72,29.37,"Sat_Potato_Patch"
"2022",-71,28.98,"Sat_Potato_Patch"
"2023",-70,28.98,"Sat_Potato_Patch"
"2024",-69,29.42,"Sat_Potato_Patch"
"2025",-68,29,"Sat_Potato_Patch"
"2026",-67,29.26,"Sat_Potato_Patch"
"2027",-66,29.11,"Sat_Potato_Patch"
"2028",-65,29.01,"Sat_Potato_Patch"
"2029",-64,29.18,"Sat_Potato_Patch"
"2030",-63,29.07,"Sat_Potato_Patch"
"2031",-62,29.17,"Sat_Potato_Patch"
"2032",-61,29,"Sat_Potato_Patch"
"2033",-60,28.96,"Sat_Potato_Patch"
"2034",-59,28.94,"Sat_Potato_Patch"
"2035",-58,28.78,"Sat_Potato_Patch"
"2036",-57,29.25,"Sat_Potato_Patch"
"2037",-56,29.05,"Sat_Potato_Patch"
"2038",-55,29.33,"Sat_Potato_Patch"
"2039",-54,29.93,"Sat_Potato_Patch"
"2040",-53,29.1,"Sat_Potato_Patch"
"2041",-52,29.32,"Sat_Potato_Patch"
"2042",-51,29.19,"Sat_Potato_Patch"
"2043",-50,29.29,"Sat_Potato_Patch"
"2044",-49,29.83,"Sat_Potato_Patch"
"2045",-48,29.63,"Sat_Potato_Patch"
"2046",-47,29.63,"Sat_Potato_Patch"
"2047",-46,29.87,"Sat_Potato_Patch"
"2048",-45,29.61,"Sat_Potato_Patch"
"2049",-44,29.17,"Sat_Potato_Patch"
"2050",-43,29.31,"Sat_Potato_Patch"
"2051",-42,29.82,"Sat_Potato_Patch"
"2052",-41,29.81,"Sat_Potato_Patch"
"2053",-40,30.02,"Sat_Potato_Patch"
"2054",-39,29.98,"Sat_Potato_Patch"
"2055",-38,30.03,"Sat_Potato_Patch"
"2056",-37,30.28,"Sat_Potato_Patch"
"2057",-36,30.87,"Sat_Potato_Patch"
"2058",-35,30.66,"Sat_Potato_Patch"
"2059",-34,30.71,"Sat_Potato_Patch"
"2060",-33,30.76,"Sat_Potato_Patch"
"2061",-32,30.56,"Sat_Potato_Patch"
"2062",-31,29.84,"Sat_Potato_Patch"
"2063",-30,29.5,"Sat_Potato_Patch"
"2064",-29,29.83,"Sat_Potato_Patch"
"2065",-28,29.93,"Sat_Potato_Patch"
"2066",-27,30.24,"Sat_Potato_Patch"
"2067",-26,30.14,"Sat_Potato_Patch"
"2068",-25,30.32,"Sat_Potato_Patch"
"2069",-24,30.23,"Sat_Potato_Patch"
"2070",-23,30.15,"Sat_Potato_Patch"
"2071",-22,29.94,"Sat_Potato_Patch"
"2072",-21,30.09,"Sat_Potato_Patch"
"2073",-20,30.21,"Sat_Potato_Patch"
"2074",-19,30.14,"Sat_Potato_Patch"
"2075",-18,30.5,"Sat_Potato_Patch"
"2076",-17,30.23,"Sat_Potato_Patch"
"2077",-16,31.17,"Sat_Potato_Patch"
"2078",-15,30.62,"Sat_Potato_Patch"
"2079",-14,30.85,"Sat_Potato_Patch"
"2080",-13,30.71,"Sat_Potato_Patch"
"2081",-12,30.12,"Sat_Potato_Patch"
"2082",-11,30.23,"Sat_Potato_Patch"
"2083",-10,30.45,"Sat_Potato_Patch"
"2084",-9,30.35,"Sat_Potato_Patch"
"2085",-8,30.25,"Sat_Potato_Patch"
"2086",-7,30.34,"Sat_Potato_Patch"
"2087",-6,30.01,"Sat_Potato_Patch"
"2088",-5,30.04,"Sat_Potato_Patch"
"2089",-4,29.99,"Sat_Potato_Patch"
"2090",-3,30.38,"Sat_Potato_Patch"
"2091",-2,30.31,"Sat_Potato_Patch"
"2092",-1,30.37,"Sat_Potato_Patch"
"2093",0,30.52,"Sat_Potato_Patch"
"2094",-90,29.1981,"IN_Potato_Patch"
"2095",-89,29.061,"IN_Potato_Patch"
"2096",-88,29.0568,"IN_Potato_Patch"
"2097",-87,29.0816,"IN_Potato_Patch"
"2098",-86,29.0235,"IN_Potato_Patch"
"2099",-85,29.007,"IN_Potato_Patch"
"2100",-84,29.0984,"IN_Potato_Patch"
"2101",-83,29.0775,"IN_Potato_Patch"
"2102",-82,29.0321,"IN_Potato_Patch"
"2103",-81,28.9947,"IN_Potato_Patch"
"2104",-80,28.9158,"IN_Potato_Patch"
"2105",-79,28.9406,"IN_Potato_Patch"
"2106",-78,28.9821,"IN_Potato_Patch"
"2107",-77,29.036,"IN_Potato_Patch"
"2108",-76,29.0862,"IN_Potato_Patch"
"2109",-75,29.0486,"IN_Potato_Patch"
"2110",-74,29.1523,"IN_Potato_Patch"
"2111",-73,29.2109,"IN_Potato_Patch"
"2112",-72,29.4353,"IN_Potato_Patch"
"2113",-71,29.2396,"IN_Potato_Patch"
"2114",-70,29.2271,"IN_Potato_Patch"
"2115",-69,29.1731,"IN_Potato_Patch"
"2116",-68,29.3228,"IN_Potato_Patch"
"2117",-67,29.377,"IN_Potato_Patch"
"2118",-66,29.2396,"IN_Potato_Patch"
"2119",-65,29.194,"IN_Potato_Patch"
"2120",-64,29.1399,"IN_Potato_Patch"
"2121",-63,29.1732,"IN_Potato_Patch"
"2122",-62,29.1606,"IN_Potato_Patch"
"2123",-61,29.09,"IN_Potato_Patch"
"2124",-60,29.14,"IN_Potato_Patch"
"2125",-59,29.1607,"IN_Potato_Patch"
"2126",-58,29.194,"IN_Potato_Patch"
"2127",-57,29.3813,"IN_Potato_Patch"
"2128",-56,29.373,"IN_Potato_Patch"
"2129",-55,29.4187,"IN_Potato_Patch"
"2130",-54,29.6825,"IN_Potato_Patch"
"2131",-53,29.7401,"IN_Potato_Patch"
"2132",-52,29.8699,"IN_Potato_Patch"
"2133",-51,29.9616,"IN_Potato_Patch"
"2134",-50,29.698,"IN_Potato_Patch"
"2135",-49,29.7109,"IN_Potato_Patch"
"2136",-48,29.7483,"IN_Potato_Patch"
"2137",-47,29.8865,"IN_Potato_Patch"
"2138",-46,29.8988,"IN_Potato_Patch"
"2139",-45,29.9784,"IN_Potato_Patch"
"2140",-44,29.8237,"IN_Potato_Patch"
"2141",-43,29.882,"IN_Potato_Patch"
"2142",-42,29.8069,"IN_Potato_Patch"
"2143",-41,29.9073,"IN_Potato_Patch"
"2144",-40,30.0663,"IN_Potato_Patch"
"2145",-39,30.1669,"IN_Potato_Patch"
"2146",-38,30.1628,"IN_Potato_Patch"
"2147",-37,30.1083,"IN_Potato_Patch"
"2148",-36,30.2594,"IN_Potato_Patch"
"2149",-35,30.373,"IN_Potato_Patch"
"2150",-34,30.478,"IN_Potato_Patch"
"2151",-33,30.5117,"IN_Potato_Patch"
"2152",-32,30.5075,"IN_Potato_Patch"
"2153",-31,30.4654,"IN_Potato_Patch"
"2154",-30,30.3939,"IN_Potato_Patch"
"2155",-29,30.4107,"IN_Potato_Patch"
"2156",-28,30.4107,"IN_Potato_Patch"
"2157",-27,30.478,"IN_Potato_Patch"
"2158",-26,30.5665,"IN_Potato_Patch"
"2159",-25,30.4612,"IN_Potato_Patch"
"2160",-24,30.5623,"IN_Potato_Patch"
"2161",-23,30.5329,"IN_Potato_Patch"
"2162",-22,30.5959,"IN_Potato_Patch"
"2163",-21,30.415,"IN_Potato_Patch"
"2164",-20,30.331,"IN_Potato_Patch"
"2165",-19,30.205,"IN_Potato_Patch"
"2166",-18,30.3476,"IN_Potato_Patch"
"2167",-17,30.167,"IN_Potato_Patch"
"2168",-16,30.0245,"IN_Potato_Patch"
"2169",-15,30.1418,"IN_Potato_Patch"
"2170",-14,30.3437,"IN_Potato_Patch"
"2171",-13,30.4612,"IN_Potato_Patch"
"2172",-12,30.272,"IN_Potato_Patch"
"2173",-11,30.4783,"IN_Potato_Patch"
"2174",-10,30.9173,"IN_Potato_Patch"
"2175",-9,30.8957,"IN_Potato_Patch"
"2176",-8,30.6719,"IN_Potato_Patch"
"2177",-7,30.6972,"IN_Potato_Patch"
"2178",-6,30.7096,"IN_Potato_Patch"
"2179",-5,30.7182,"IN_Potato_Patch"
"2180",-4,30.7393,"IN_Potato_Patch"
"2181",-3,30.7267,"IN_Potato_Patch"
"2182",-2,30.7984,"IN_Potato_Patch"
"2183",-1,30.7521,"IN_Potato_Patch"
"2184",0,30.7181,"IN_Potato_Patch"
"2185",-90,28.39999937,"Sat_Japanese_Garden"
"2186",-89,29.05999935,"Sat_Japanese_Garden"
"2187",-88,28.90999935,"Sat_Japanese_Garden"
"2188",-87,29.13999935,"Sat_Japanese_Garden"
"2189",-86,29.25999935,"Sat_Japanese_Garden"
"2190",-85,29.18999935,"Sat_Japanese_Garden"
"2191",-84,29.05999935,"Sat_Japanese_Garden"
"2192",-83,29.09999935,"Sat_Japanese_Garden"
"2193",-82,29.11999935,"Sat_Japanese_Garden"
"2194",-81,29.00999935,"Sat_Japanese_Garden"
"2195",-80,28.63999936,"Sat_Japanese_Garden"
"2196",-79,28.68999936,"Sat_Japanese_Garden"
"2197",-78,29.01999935,"Sat_Japanese_Garden"
"2198",-77,28.72999936,"Sat_Japanese_Garden"
"2199",-76,28.64999936,"Sat_Japanese_Garden"
"2200",-75,29.01999935,"Sat_Japanese_Garden"
"2201",-74,28.55999936,"Sat_Japanese_Garden"
"2202",-73,29.21999935,"Sat_Japanese_Garden"
"2203",-72,29.10999935,"Sat_Japanese_Garden"
"2204",-71,28.79999936,"Sat_Japanese_Garden"
"2205",-70,29.42999934,"Sat_Japanese_Garden"
"2206",-69,28.67999936,"Sat_Japanese_Garden"
"2207",-68,28.81999936,"Sat_Japanese_Garden"
"2208",-67,28.55999936,"Sat_Japanese_Garden"
"2209",-66,28.75999936,"Sat_Japanese_Garden"
"2210",-65,28.81999936,"Sat_Japanese_Garden"
"2211",-64,29.22999935,"Sat_Japanese_Garden"
"2212",-63,29.12999935,"Sat_Japanese_Garden"
"2213",-62,28.83999936,"Sat_Japanese_Garden"
"2214",-61,28.61999936,"Sat_Japanese_Garden"
"2215",-60,28.82999936,"Sat_Japanese_Garden"
"2216",-59,28.44999936,"Sat_Japanese_Garden"
"2217",-58,28.43999936,"Sat_Japanese_Garden"
"2218",-57,28.44999936,"Sat_Japanese_Garden"
"2219",-56,28.36999937,"Sat_Japanese_Garden"
"2220",-55,28.39999937,"Sat_Japanese_Garden"
"2221",-54,28.02999937,"Sat_Japanese_Garden"
"2222",-53,28.60999936,"Sat_Japanese_Garden"
"2223",-52,28.72999936,"Sat_Japanese_Garden"
"2224",-51,28.69999936,"Sat_Japanese_Garden"
"2225",-50,28.76999936,"Sat_Japanese_Garden"
"2226",-49,28.57999936,"Sat_Japanese_Garden"
"2227",-48,28.94999935,"Sat_Japanese_Garden"
"2228",-47,28.68999936,"Sat_Japanese_Garden"
"2229",-46,28.75999936,"Sat_Japanese_Garden"
"2230",-45,28.92999935,"Sat_Japanese_Garden"
"2231",-44,28.43999936,"Sat_Japanese_Garden"
"2232",-43,28.65999936,"Sat_Japanese_Garden"
"2233",-42,28.60999936,"Sat_Japanese_Garden"
"2234",-41,28.76999936,"Sat_Japanese_Garden"
"2235",-40,28.51999936,"Sat_Japanese_Garden"
"2236",-39,28.42999936,"Sat_Japanese_Garden"
"2237",-38,28.56999936,"Sat_Japanese_Garden"
"2238",-37,28.23999937,"Sat_Japanese_Garden"
"2239",-36,28.59999936,"Sat_Japanese_Garden"
"2240",-35,28.16999937,"Sat_Japanese_Garden"
"2241",-34,28.47999936,"Sat_Japanese_Garden"
"2242",-33,28.58999936,"Sat_Japanese_Garden"
"2243",-32,28.70999936,"Sat_Japanese_Garden"
"2244",-31,28.36999937,"Sat_Japanese_Garden"
"2245",-30,28.13999937,"Sat_Japanese_Garden"
"2246",-29,28.45999936,"Sat_Japanese_Garden"
"2247",-28,28.52999936,"Sat_Japanese_Garden"
"2248",-27,28.07999937,"Sat_Japanese_Garden"
"2249",-26,28.82999936,"Sat_Japanese_Garden"
"2250",-25,28.26999937,"Sat_Japanese_Garden"
"2251",-24,28.94999935,"Sat_Japanese_Garden"
"2252",-23,28.54999936,"Sat_Japanese_Garden"
"2253",-22,28.68999936,"Sat_Japanese_Garden"
"2254",-21,28.90999935,"Sat_Japanese_Garden"
"2255",-20,28.03999937,"Sat_Japanese_Garden"
"2256",-19,28.78999936,"Sat_Japanese_Garden"
"2257",-18,28.34999937,"Sat_Japanese_Garden"
"2258",-17,28.45999936,"Sat_Japanese_Garden"
"2259",-16,28.70999936,"Sat_Japanese_Garden"
"2260",-15,28.35999937,"Sat_Japanese_Garden"
"2261",-14,28.42999936,"Sat_Japanese_Garden"
"2262",-13,28.18999937,"Sat_Japanese_Garden"
"2263",-12,28.52999936,"Sat_Japanese_Garden"
"2264",-11,28.22999937,"Sat_Japanese_Garden"
"2265",-10,28.11999937,"Sat_Japanese_Garden"
"2266",-9,28.82999936,"Sat_Japanese_Garden"
"2267",-8,28.68999936,"Sat_Japanese_Garden"
"2268",-7,28.89999935,"Sat_Japanese_Garden"
"2269",-6,28.69999936,"Sat_Japanese_Garden"
"2270",-5,29.04999935,"Sat_Japanese_Garden"
"2271",-4,28.81999936,"Sat_Japanese_Garden"
"2272",-3,28.84999936,"Sat_Japanese_Garden"
"2273",-2,29.26999935,"Sat_Japanese_Garden"
"2274",-1,29.00999935,"Sat_Japanese_Garden"
"2275",0,29.12999935,"Sat_Japanese_Garden"
"2276",-90,NA,"IN_Japanese_Garden"
"2277",-89,NA,"IN_Japanese_Garden"
"2278",-88,NA,"IN_Japanese_Garden"
"2279",-87,NA,"IN_Japanese_Garden"
"2280",-86,NA,"IN_Japanese_Garden"
"2281",-85,NA,"IN_Japanese_Garden"
"2282",-84,NA,"IN_Japanese_Garden"
"2283",-83,NA,"IN_Japanese_Garden"
"2284",-82,NA,"IN_Japanese_Garden"
"2285",-81,NA,"IN_Japanese_Garden"
"2286",-80,NA,"IN_Japanese_Garden"
"2287",-79,NA,"IN_Japanese_Garden"
"2288",-78,NA,"IN_Japanese_Garden"
"2289",-77,NA,"IN_Japanese_Garden"
"2290",-76,NA,"IN_Japanese_Garden"
"2291",-75,NA,"IN_Japanese_Garden"
"2292",-74,NA,"IN_Japanese_Garden"
"2293",-73,NA,"IN_Japanese_Garden"
"2294",-72,NA,"IN_Japanese_Garden"
"2295",-71,NA,"IN_Japanese_Garden"
"2296",-70,NA,"IN_Japanese_Garden"
"2297",-69,NA,"IN_Japanese_Garden"
"2298",-68,NA,"IN_Japanese_Garden"
"2299",-67,NA,"IN_Japanese_Garden"
"2300",-66,NA,"IN_Japanese_Garden"
"2301",-65,30.63245455,"IN_Japanese_Garden"
"2302",-64,29.650625,"IN_Japanese_Garden"
"2303",-63,29.12341667,"IN_Japanese_Garden"
"2304",-62,29.156625,"IN_Japanese_Garden"
"2305",-61,28.99891667,"IN_Japanese_Garden"
"2306",-60,29.04045833,"IN_Japanese_Garden"
"2307",-59,29.06120833,"IN_Japanese_Garden"
"2308",-58,28.94491667,"IN_Japanese_Garden"
"2309",-57,28.96141667,"IN_Japanese_Garden"
"2310",-56,28.89095833,"IN_Japanese_Garden"
"2311",-55,29.00295833,"IN_Japanese_Garden"
"2312",-54,29.189875,"IN_Japanese_Garden"
"2313",-53,29.17745833,"IN_Japanese_Garden"
"2314",-52,29.090125,"IN_Japanese_Garden"
"2315",-51,28.96579167,"IN_Japanese_Garden"
"2316",-50,28.98233333,"IN_Japanese_Garden"
"2317",-49,29.04441667,"IN_Japanese_Garden"
"2318",-48,28.98233333,"IN_Japanese_Garden"
"2319",-47,28.98233333,"IN_Japanese_Garden"
"2320",-46,29.01125,"IN_Japanese_Garden"
"2321",-45,28.98225,"IN_Japanese_Garden"
"2322",-44,28.99066667,"IN_Japanese_Garden"
"2323",-43,28.969625,"IN_Japanese_Garden"
"2324",-42,28.94041667,"IN_Japanese_Garden"
"2325",-41,28.97383333,"IN_Japanese_Garden"
"2326",-40,28.98208333,"IN_Japanese_Garden"
"2327",-39,29.02358333,"IN_Japanese_Garden"
"2328",-38,28.928125,"IN_Japanese_Garden"
"2329",-37,28.87,"IN_Japanese_Garden"
"2330",-36,28.8245,"IN_Japanese_Garden"
"2331",-35,28.89904167,"IN_Japanese_Garden"
"2332",-34,28.79125,"IN_Japanese_Garden"
"2333",-33,28.717,"IN_Japanese_Garden"
"2334",-32,28.5845,"IN_Japanese_Garden"
"2335",-31,28.66720833,"IN_Japanese_Garden"
"2336",-30,28.67129167,"IN_Japanese_Garden"
"2337",-29,28.654625,"IN_Japanese_Garden"
"2338",-28,28.80370833,"IN_Japanese_Garden"
"2339",-27,28.85775,"IN_Japanese_Garden"
"2340",-26,28.874,"IN_Japanese_Garden"
"2341",-25,28.82433333,"IN_Japanese_Garden"
"2342",-24,28.953,"IN_Japanese_Garden"
"2343",-23,28.97366667,"IN_Japanese_Garden"
"2344",-22,28.957125,"IN_Japanese_Garden"
"2345",-21,28.886625,"IN_Japanese_Garden"
"2346",-20,28.82491667,"IN_Japanese_Garden"
"2347",-19,28.83679167,"IN_Japanese_Garden"
"2348",-18,28.81620833,"IN_Japanese_Garden"
"2349",-17,28.73766667,"IN_Japanese_Garden"
"2350",-16,28.86183333,"IN_Japanese_Garden"
"2351",-15,28.84529167,"IN_Japanese_Garden"
"2352",-14,28.94458333,"IN_Japanese_Garden"
"2353",-13,28.87829167,"IN_Japanese_Garden"
"2354",-12,28.93229167,"IN_Japanese_Garden"
"2355",-11,28.973625,"IN_Japanese_Garden"
"2356",-10,28.94466667,"IN_Japanese_Garden"
"2357",-9,28.99445833,"IN_Japanese_Garden"
"2358",-8,28.977875,"IN_Japanese_Garden"
"2359",-7,29.15241667,"IN_Japanese_Garden"
"2360",-6,29.00279167,"IN_Japanese_Garden"
"2361",-5,29.0775,"IN_Japanese_Garden"
"2362",-4,29.14825,"IN_Japanese_Garden"
"2363",-3,29.07354167,"IN_Japanese_Garden"
"2364",-2,29.10679167,"IN_Japanese_Garden"
"2365",-1,29.16495833,"IN_Japanese_Garden"
"2366",0,29.16495833,"IN_Japanese_Garden"
